﻿ANMOIS;CIE;CIE_NOM;CIE_NAT;CIE_PAYS;CIE_PAX;CIE_FRP;CIE_PEQ;CIE_PKT;CIE_TKT;CIE_PEQKT;CIE_VOL
202101;ACA;AIR CANADA;E;CANADA;8409;4697,1;55380;0,047;0,026;0,307;60
202101;AEA;AIR EUROPA;E;ESPAGNE;10243;38,2;10625;0,011;0;0,011;74
202101;AFR;AIR FRANCE;F;FRANCE;1277621;38281,4;1660435;4,091;0,2823;6,914;12845
202101;AMX;AEROMEXICO;E;MEXIQUE;8099;538,4;13483;0,075;0,005;0,125;44
202101;ANA;ANA ALL NIPPON AIRWAYS;E;JAPON;606;1340,3;14009;0,006;0,013;0,136;54
202101;ANE;AIR NOSTRUM;E;ESPAGNE;18233;0;18233;0,014;0;0,014;312
202101;BAW;BRITISH AIRWAYS;E;ROYAUME-UNI;10304;164,8;11952;0,008;0,0001;0,009;132
202101;BCS;EAT/EUROPEAN AIR TRANSP;E;ALLEMAGNE;7;14559,3;145600;0;0,0119;0,119;686
202101;BEL;BRUSSELS AIRLINES;E;BELGIQUE;10411;26,9;10680;0,005;0;0,005;146
202101;BGA;AIRBUS TRANSPORT INTL;F;FRANCE;0;2987,8;29878;0;0,0029;0,029;181
202101;CCA;AIR CHINA INTL;E;CHINE;1479;2630,5;27784;0,012;0,0216;0,228;56
202101;CCM;AIR CORSICA;F;FRANCE;74326;118,4;75510;0,043;0;0,043;1246
202101;CES;CHINA EASTERN AIRLINES;E;CHINE;1819;4434,6;46165;0,017;0,0411;0,428;66
202101;CPA;CATHAY PACIFIC;E;HONG KONG (CHINE);2;2698,3;26985;0;0,0155;0,155;18
202101;CRL;CORSAIR;F;FRANCE;58429;2074;79169;0,401;0,0143;0,544;268
202101;DAH;AIR ALGERIE;E;ALGERIE;20610;1087,3;31483;0,027;0,0015;0,042;163
202101;DAL;DELTA AIR LINES;E;ETATS-UNIS;15523;1361,2;29135;0,103;0,0088;0,191;112
202101;DHK;DHL AIR;E;ROYAUME-UNI;0;1600;16000;0;0,0008;0,008;8
202101;DLH;LUFTHANSA;E;ALLEMAGNE;18298;513,1;23429;0,01;0,0003;0,013;275
202101;EJU;EASYJET EUROPE;E;AUTRICHE;93185;0;93185;0,073;0;0,073;883
202101;ETD;ETIHAD AIRWAYS;E;EMIRATS ARABES UNIS;5173;2011,5;25288;0,027;0,0106;0,133;92
202101;ETH;ETHIOPIAN AIRLINES;E;ETHIOPIE;15124;1244,6;27570;0,084;0,0067;0,151;81
202101;EVA;EVA AIR;E;TAIWAN;430;1198,7;12417;0,004;0,0117;0,121;34
202101;EZS;EASYJET SWITZERLAND;E;SUISSE;44806;0;44806;0,049;0;0,049;481
202101;FBU;FRENCH BEE;F;FRANCE;28697;645,9;35156;0,28;0,0061;0,341;90
202101;FDX;FEDEX EXPRESS;E;ETATS-UNIS;0;37478,6;374786;0;0,1367;1,367;1099
202101;FPO;ASL AIRLINES FRANCE;F;FRANCE;1792;2678,7;28579;0,002;0,0016;0,018;210
202101;FWI;AIR CARAIBES;F;FRANCE (OM);115031;1811,5;133146;0,696;0,0124;0,82;658
202101;GUY;CAIRE - AIR GUYANE EXPRESS;F;FRANCE (OM);18413;70,9;19122;0,004;0;0,004;1162
202101;IBE;IBERIA;E;ESPAGNE;17991;33,1;18322;0,019;0;0,019;157
202101;KAL;KOREAN AIR;E;COREE DU SUD;1541;1300,8;14549;0,014;0,0116;0,13;43
202101;KLM;KLM;E;PAYS-BAS;27302;280,2;30104;0,016;0,0001;0,017;473
202101;LBT;NOUVELAIR;E;TUNISIE;22557;32,9;22886;0,032;0;0,032;196
202101;MAC;AIR ARABIA MAROC;E;MAROC;34866;31,1;35177;0,054;0;0,054;385
202101;MAR;AIR MEDITERRANEAN;E;GRECE;14305;0;14305;0,017;0;0,017;100
202101;MNB;MNG AIRLINES;E;TURQUIE;0;1332,6;13326;0;0,002;0,02;20
202101;MSR;EGYPT AIR;E;EGYPTE;8221;892,7;17148;0,026;0,0029;0,055;63
202101;PGT;PEGASUS;E;TURQUIE;38017;18,9;38206;0,079;0;0,079;290
202101;QTR;QATAR AIRWAYS;E;QATAR;15581;7450;90081;0,078;0,0366;0,444;276
202101;RAM;ROYAL AIR MAROC;E;MAROC;84063;310,9;87172;0,153;0,0006;0,159;792
202101;REU;AIR AUSTRAL;F;FRANCE (OM);42805;1315,7;55962;0,298;0,0114;0,412;198
202101;RYR;RYANAIR;E;IRLANDE;100988;0,7;100995;0,128;0;0,128;875
202101;SIA;SINGAPORE AIRLINES;E;SINGAPOUR;1144;1044,6;11590;0,012;0,0112;0,124;46
202101;SRR;STAR AIR DANEMARK;E;DANEMARK;0;6440,9;64409;0;0,0035;0,035;239
202101;SWN;WEST AIR SWEDEN;E;SUEDE;10;1700,7;17017;0;0,0009;0,009;174
202101;SWT;SWIFTAIR ESPAGNE;E;ESPAGNE;0;1026,1;10261;0;0,0008;0,008;199
202101;SZN;AIR SENEGAL;E;SENEGAL;8739;306,9;11808;0,036;0,0013;0,049;64
202101;TAP;TAP AIR PORTUGAL;E;PORTUGAL;33993;44,8;34441;0,046;0,0001;0,047;401
202101;TAR;TUNISAIR;E;TUNISIE;48043;212,1;50164;0,06;0,0003;0,063;436
202101;TAY;ASL AIRLINES BELGIUM;E;BELGIQUE;0;1547,6;15476;0;0,0018;0,018;305
202101;THT;AIR TAHITI NUI;F;FRANCE (OM);6987;342;10407;0,083;0,0035;0,118;65
202101;THY;TURKISH AIRLINES;E;TURQUIE;44097;2899,9;73096;0,094;0,0064;0,158;392
202101;TPC;AIR CALEDONIE;F;FRANCE (OM);38393;109;39483;0,006;0;0,006;750
202101;TVF;TRANSAVIA FRANCE;F;FRANCE;151197;0;151197;0,224;0;0,224;1253
202101;UAE;EMIRATES;E;EMIRATS ARABES UNIS;32883;2552,1;58404;0,172;0,0134;0,306;138
202101;UAL;UNITED AIRLINES;E;ETATS-UNIS;6243;865,1;14894;0,039;0,0054;0,093;82
202101;UPS;UPS AIRLINES;E;ETATS-UNIS;0;4196,6;41966;0;0,009;0,09;83
202101;VLG;VUELING AIRLINES;E;ESPAGNE;28939;12,4;29063;0,031;0;0,031;314
202101;VOE;VOLOTEA;E;ESPAGNE;42596;0,2;42598;0,047;0;0,047;359
202101;VTA;AIR TAHITI;F;FRANCE (OM);50297;104,1;51338;0,02;0,0001;0,021;1629
202101;WZZ;WIZZ AIR;E;HONGRIE;43165;0;43165;0,062;0;0,062;378
202101;ZZE; AUTRES CIE (E);E;_ZZ_E;182445;8871,1;271156;0,37;0,0436;0,806;9436
202101;ZZF; AUTRES CIE (F);F;_ZZ_F;20201;526,1;25462;0,025;0,0014;0,039;3402
202102;ACA;AIR CANADA;E;CANADA;3344;4996,9;53313;0,018;0,0277;0,295;66
202102;AFR;AIR FRANCE;F;FRANCE;883873;40744,5;1291318;2,295;0,3009;5,304;10291
202102;ANA;ANA ALL NIPPON AIRWAYS;E;JAPON;255;1350;13755;0,002;0,0131;0,133;48
202102;ANE;AIR NOSTRUM;E;ESPAGNE;16885;1,3;16898;0,013;0;0,013;339
202102;BCS;EAT/EUROPEAN AIR TRANSP;E;ALLEMAGNE;7;13598,5;135992;0;0,0111;0,111;678
202102;BGA;AIRBUS TRANSPORT INTL;F;FRANCE;0;3472,1;34721;0;0,0033;0,033;183
202102;CCA;AIR CHINA INTL;E;CHINE;679;1479,6;15475;0,006;0,0121;0,127;31
202102;CCM;AIR CORSICA;F;FRANCE;70163;124,6;71409;0,041;0,0001;0,042;1096
202102;CES;CHINA EASTERN AIRLINES;E;CHINE;965;4188,8;42853;0,009;0,0383;0,392;64
202102;CPA;CATHAY PACIFIC;E;HONG KONG (CHINE);0;1695,3;16953;0;0,0136;0,136;14
202102;CRL;CORSAIR;F;FRANCE;18819;1571;34529;0,127;0,0106;0,233;160
202102;CSN;CHINA SOUTHERN AIRLINES;E;CHINE;1377;932,5;10702;0,013;0,0088;0,101;20
202102;DAH;AIR ALGERIE;E;ALGERIE;24456;1603;40486;0,033;0,0022;0,055;153
202102;DAL;DELTA AIR LINES;E;ETATS-UNIS;9882;1581;25692;0,066;0,0104;0,17;96
202102;DLH;LUFTHANSA;E;ALLEMAGNE;11212;298,8;14200;0,006;0,0001;0,007;220
202102;EJU;EASYJET EUROPE;E;AUTRICHE;125690;0;125690;0,107;0;0,107;1346
202102;ETD;ETIHAD AIRWAYS;E;EMIRATS ARABES UNIS;3633;1930,7;22940;0,019;0,0102;0,121;81
202102;ETH;ETHIOPIAN AIRLINES;E;ETHIOPIE;9834;1423,1;24065;0,055;0,0077;0,132;80
202102;EVA;EVA AIR;E;TAIWAN;162;1792,3;18085;0,002;0,0176;0,178;38
202102;EZS;EASYJET SWITZERLAND;E;SUISSE;36210;0;36210;0,044;0;0,044;535
202102;FBU;FRENCH BEE;F;FRANCE;7582;526;12842;0,074;0,005;0,124;50
202102;FDX;FEDEX EXPRESS;E;ETATS-UNIS;0;40627,6;406276;0;0,1352;1,352;1055
202102;FPO;ASL AIRLINES FRANCE;F;FRANCE;3627;2679,3;30420;0,005;0,0017;0,022;213
202102;FWI;AIR CARAIBES;F;FRANCE (OM);44319;1452,5;58844;0,225;0,0099;0,324;480
202102;GUY;CAIRE - AIR GUYANE EXPRESS;F;FRANCE (OM);11789;61,4;12403;0,003;0;0,003;951
202102;IBE;IBERIA;E;ESPAGNE;19167;34,6;19513;0,02;0;0,02;144
202102;KAL;KOREAN AIR;E;COREE DU SUD;1039;1423;15269;0,009;0,0127;0,136;40
202102;KLM;KLM;E;PAYS-BAS;19261;236,2;21623;0,012;0,0001;0,013;438
202102;MAC;AIR ARABIA MAROC;E;MAROC;13905;15,7;14062;0,021;0;0,021;234
202102;MNB;MNG AIRLINES;E;TURQUIE;0;1332,6;13326;0;0,002;0,02;20
202102;MSR;EGYPT AIR;E;EGYPTE;3888;936,9;13257;0,013;0,003;0,043;59
202102;PGT;PEGASUS;E;TURQUIE;13947;31,1;14258;0,029;0,0001;0,03;199
202102;QTR;QATAR AIRWAYS;E;QATAR;9382;7211,7;81499;0,047;0,0355;0,402;267
202102;RAM;ROYAL AIR MAROC;E;MAROC;33846;198,8;35834;0,061;0,0004;0,065;417
202102;REU;AIR AUSTRAL;F;FRANCE (OM);13396;936,4;22760;0,092;0,008;0,172;119
202102;RYR;RYANAIR;E;IRLANDE;37920;1,8;37938;0,047;0;0,047;437
202102;SIA;SINGAPORE AIRLINES;E;SINGAPOUR;915;1346,3;14378;0,01;0,0145;0,155;54
202102;SRR;STAR AIR DANEMARK;E;DANEMARK;0;6289,5;62895;0;0,0034;0,034;240
202102;SWN;WEST AIR SWEDEN;E;SUEDE;18;1609,3;16111;0;0,0009;0,009;174
202102;SWT;SWIFTAIR ESPAGNE;E;ESPAGNE;0;1089,3;10893;0;0,0009;0,009;200
202102;TAR;TUNISAIR;E;TUNISIE;11618;60,2;12220;0,015;0,0001;0,016;164
202102;TAY;ASL AIRLINES BELGIUM;E;BELGIQUE;0;1687,2;16872;0;0,0019;0,019;306
202102;THY;TURKISH AIRLINES;E;TURQUIE;22973;2351,3;46486;0,049;0,0052;0,101;294
202102;TPC;AIR CALEDONIE;F;FRANCE (OM);32894;87,4;33768;0,006;0;0,006;693
202102;TVF;TRANSAVIA FRANCE;F;FRANCE;50432;0,1;50433;0,064;0;0,064;468
202102;UAE;EMIRATES;E;EMIRATS ARABES UNIS;12395;2686,9;39264;0,065;0,0141;0,206;112
202102;UAL;UNITED AIRLINES;E;ETATS-UNIS;1551;1075,5;12306;0,009;0,0068;0,077;60
202102;UPS;UPS AIRLINES;E;ETATS-UNIS;0;3640,4;36404;0;0,0071;0,071;72
202102;VLG;VUELING AIRLINES;E;ESPAGNE;16555;6,5;16620;0,02;0;0,02;152
202102;VOE;VOLOTEA;E;ESPAGNE;16330;0;16330;0,026;0;0,026;134
202102;VTA;AIR TAHITI;F;FRANCE (OM);37860;98,3;38843;0,015;0,0001;0,016;1183
202102;WZZ;WIZZ AIR;E;HONGRIE;24677;0;24677;0,034;0;0,034;214
202102;ZZE; AUTRES CIE (E);E;_ZZ_E;138867;10211,8;240985;0,249;0,0367;0,616;7109
202102;ZZF; AUTRES CIE (F);F;_ZZ_F;18087;795,2;26039;0,041;0,0036;0,077;2931
202103;AAL;AMERICAN AIRLINES;E;ETATS-UNIS;1034;1459,5;15629;0,008;0,0113;0,121;70
202103;ACA;AIR CANADA;E;CANADA;2088;5303,2;55120;0,012;0,0302;0,314;68
202103;AEA;AIR EUROPA;E;ESPAGNE;11010;235,1;13361;0,011;0,0002;0,013;72
202103;AFR;AIR FRANCE;F;FRANCE;936060;45797,4;1394034;2,333;0,3366;5,699;11012
202103;ANA;ANA ALL NIPPON AIRWAYS;E;JAPON;347;1723,8;17585;0,003;0,0168;0,171;62
202103;ANE;AIR NOSTRUM;E;ESPAGNE;22815;0;22815;0,017;0;0,017;346
202103;BCS;EAT/EUROPEAN AIR TRANSP;E;ALLEMAGNE;16;16732,3;167339;0;0,0137;0,137;820
202103;BGA;AIRBUS TRANSPORT INTL;F;FRANCE;0;4057,8;40578;0;0,004;0,04;215
202103;CCA;AIR CHINA INTL;E;CHINE;1456;5341,6;54872;0,012;0,0438;0,45;81
202103;CCM;AIR CORSICA;F;FRANCE;71582;143;73012;0,042;0,0001;0,043;1102
202103;CES;CHINA EASTERN AIRLINES;E;CHINE;1529;4585,4;47383;0,014;0,0421;0,435;71
202103;CHH;HAINAN AIRLINES;E;CHINE;0;1039,8;10398;0;0,01;0,1;40
202103;CRL;CORSAIR;F;FRANCE;10945;1369,3;24638;0,071;0,009;0,161;130
202103;DAH;AIR ALGERIE;E;ALGERIE;16;1569,2;15708;0;0,0021;0,021;90
202103;DAL;DELTA AIR LINES;E;ETATS-UNIS;16989;2341,5;40404;0,114;0,0154;0,268;156
202103;DLH;LUFTHANSA;E;ALLEMAGNE;15956;605,2;22008;0,01;0,0004;0,014;340
202103;EJU;EASYJET EUROPE;E;AUTRICHE;118008;0;118008;0,097;0;0,097;1215
202103;ELY;EL AL;E;ISRAEL;6804;447,9;11283;0,022;0,0015;0,037;42
202103;ETD;ETIHAD AIRWAYS;E;EMIRATS ARABES UNIS;3119;2647,7;29596;0,016;0,0139;0,155;100
202103;ETH;ETHIOPIAN AIRLINES;E;ETHIOPIE;10252;1220,8;22460;0,056;0,0066;0,122;92
202103;EVA;EVA AIR;E;TAIWAN;366;1838,9;18755;0,004;0,018;0,184;35
202103;EZS;EASYJET SWITZERLAND;E;SUISSE;38819;0;38819;0,054;0;0,054;493
202103;FDX;FEDEX EXPRESS;E;ETATS-UNIS;0;43431;434310;0;0,154;1,54;1235
202103;FPO;ASL AIRLINES FRANCE;F;FRANCE;4751;3279;37541;0,006;0,0022;0,028;263
202103;FWI;AIR CARAIBES;F;FRANCE (OM);27580;1571,3;43293;0,136;0,0106;0,242;367
202103;GUY;CAIRE - AIR GUYANE EXPRESS;F;FRANCE (OM);10365;88,2;11247;0,002;0;0,002;972
202103;IBE;IBERIA;E;ESPAGNE;23704;30;24004;0,024;0;0,024;162
202103;KAL;KOREAN AIR;E;COREE DU SUD;955;1683,2;17787;0,009;0,015;0,159;44
202103;KLM;KLM;E;PAYS-BAS;18747;242,2;21169;0,011;0,0001;0,012;410
202103;MAC;AIR ARABIA MAROC;E;MAROC;17058;15,1;17209;0,026;0;0,026;252
202103;MNB;MNG AIRLINES;E;TURQUIE;0;1865,6;18656;0;0,0027;0,027;28
202103;MSR;EGYPT AIR;E;EGYPTE;4008;700,3;11011;0,013;0,0023;0,036;56
202103;PGT;PEGASUS;E;TURQUIE;11517;46,2;11979;0,024;0,0001;0,025;110
202103;QTR;QATAR AIRWAYS;E;QATAR;9662;8150;91162;0,048;0,04;0,448;301
202103;RAM;ROYAL AIR MAROC;E;MAROC;43451;262,7;46078;0,078;0,0005;0,083;488
202103;REU;AIR AUSTRAL;F;FRANCE (OM);8792;1018,7;18979;0,065;0,0088;0,153;97
202103;RYR;RYANAIR;E;IRLANDE;47511;0,3;47514;0,058;0;0,058;448
202103;SIA;SINGAPORE AIRLINES;E;SINGAPOUR;1222;1582,5;17047;0,013;0,017;0,183;62
202103;SRR;STAR AIR DANEMARK;E;DANEMARK;0;7152,2;71522;0;0,0039;0,039;276
202103;SWN;WEST AIR SWEDEN;E;SUEDE;17;1886,5;18882;0;0,001;0,01;196
202103;SWT;SWIFTAIR ESPAGNE;E;ESPAGNE;0;1199,1;11991;0;0,001;0,01;228
202103;TAP;TAP AIR PORTUGAL;E;PORTUGAL;12696;44,1;13137;0,017;0,0001;0,018;241
202103;TAR;TUNISAIR;E;TUNISIE;22882;79,8;23680;0,029;0,0001;0,03;231
202103;TAY;ASL AIRLINES BELGIUM;E;BELGIQUE;0;1785,5;17855;0;0,0022;0,022;336
202103;THY;TURKISH AIRLINES;E;TURQUIE;28624;2888,4;57508;0,06;0,0064;0,124;298
202103;TVF;TRANSAVIA FRANCE;F;FRANCE;66602;1,8;66620;0,087;0;0,087;655
202103;UAE;EMIRATES;E;EMIRATS ARABES UNIS;13749;3298,9;46738;0,072;0,0173;0,245;132
202103;UAL;UNITED AIRLINES;E;ETATS-UNIS;1714;1406,1;15775;0,01;0,0087;0,097;58
202103;UPS;UPS AIRLINES;E;ETATS-UNIS;0;4499,9;44999;0;0,0091;0,091;89
202103;VLG;VUELING AIRLINES;E;ESPAGNE;27339;9,5;27434;0,032;0;0,032;255
202103;VTA;AIR TAHITI;F;FRANCE (OM);36852;112,4;37976;0,015;0,0001;0,016;1249
202103;WZZ;WIZZ AIR;E;HONGRIE;24347;0;24347;0,034;0;0,034;242
202103;ZZE; AUTRES CIE (E);E;_ZZ_E;133940;10689,5;240835;0,28;0,0477;0,757;7746
202103;ZZF; AUTRES CIE (F);F;_ZZ_F;22878;1451,3;37391;0,068;0,009;0,158;3512
202104;AAL;AMERICAN AIRLINES;E;ETATS-UNIS;2481;2057,4;23055;0,017;0,0145;0,162;119
202104;ACA;AIR CANADA;E;CANADA;2254;5015,9;52413;0,012;0,0287;0,299;73
202104;AFR;AIR FRANCE;F;FRANCE;866875;44471,4;1311589;2,347;0,3226;5,573;10619
202104;ANA;ANA ALL NIPPON AIRWAYS;E;JAPON;294;1548,3;15777;0,003;0,015;0,153;52
202104;ANE;AIR NOSTRUM;E;ESPAGNE;25520;0;25520;0,02;0;0,02;406
202104;AZA;ALITALIA;E;ITALIE;12233;12,4;12357;0,011;0;0,011;226
202104;BCS;EAT/EUROPEAN AIR TRANSP;E;ALLEMAGNE;5;14474,2;144747;0;0,0117;0,117;766
202104;BGA;AIRBUS TRANSPORT INTL;F;FRANCE;0;3158,2;31582;0;0,003;0,03;156
202104;CCA;AIR CHINA INTL;E;CHINE;495;7345,5;73950;0,004;0,0602;0,606;105
202104;CCM;AIR CORSICA;F;FRANCE;63724;136,3;65087;0,036;0,0001;0,037;1189
202104;CES;CHINA EASTERN AIRLINES;E;CHINE;1739;5334,7;55086;0,016;0,0479;0,495;82
202104;CHH;HAINAN AIRLINES;E;CHINE;0;2268,7;22687;0;0,0218;0,218;56
202104;CRL;CORSAIR;F;FRANCE;11029;1583;26859;0,069;0,01;0,169;120
202104;DAH;AIR ALGERIE;E;ALGERIE;0;1793,7;17937;0;0,0024;0,024;110
202104;DAL;DELTA AIR LINES;E;ETATS-UNIS;20364;2530,4;45668;0,135;0,0168;0,303;199
202104;DLH;LUFTHANSA;E;ALLEMAGNE;18184;763;25814;0,011;0,0004;0,015;477
202104;EJU;EASYJET EUROPE;E;AUTRICHE;123555;0,2;123557;0,106;0;0,106;1543
202104;ELY;EL AL;E;ISRAEL;8514;617,9;14693;0,03;0,002;0,05;53
202104;ETD;ETIHAD AIRWAYS;E;EMIRATS ARABES UNIS;3082;1592,4;19006;0,016;0,0084;0,1;60
202104;ETH;ETHIOPIAN AIRLINES;E;ETHIOPIE;10686;1419,9;24885;0,059;0,0078;0,137;86
202104;EVA;EVA AIR;E;TAIWAN;383;1847,2;18855;0,004;0,0181;0,185;36
202104;EZS;EASYJET SWITZERLAND;E;SUISSE;46683;0;46683;0,064;0;0,064;705
202104;FDX;FEDEX EXPRESS;E;ETATS-UNIS;0;42230,1;422301;0;0,1459;1,459;1140
202104;FPO;ASL AIRLINES FRANCE;F;FRANCE;2169;2143,9;23608;0,003;0,0015;0,018;183
202104;FWI;AIR CARAIBES;F;FRANCE (OM);29346;1529,5;44641;0,145;0,0104;0,249;364
202104;GUY;CAIRE - AIR GUYANE EXPRESS;F;FRANCE (OM);11125;66,4;11789;0,003;0;0,003;1023
202104;IBE;IBERIA;E;ESPAGNE;23647;33,8;23985;0,024;0;0,024;188
202104;KAL;KOREAN AIR;E;COREE DU SUD;681;1253,6;13217;0,006;0,0112;0,118;40
202104;KLM;KLM;E;PAYS-BAS;19421;235,1;21772;0,012;0,0001;0,013;382
202104;LBT;NOUVELAIR;E;TUNISIE;10669;30;10969;0,014;0;0,014;102
202104;MNB;MNG AIRLINES;E;TURQUIE;0;1732,3;17323;0;0,0024;0,024;26
202104;PGT;PEGASUS;E;TURQUIE;15109;34,6;15455;0,031;0,0001;0,032;152
202104;QTR;QATAR AIRWAYS;E;QATAR;8207;7584,8;84055;0,041;0,037;0,411;280
202104;REU;AIR AUSTRAL;F;FRANCE (OM);8602;1014,7;18749;0,061;0,0088;0,149;86
202104;RYR;RYANAIR;E;IRLANDE;54034;2,4;54058;0,058;0;0,058;672
202104;SIA;SINGAPORE AIRLINES;E;SINGAPOUR;1446;1582,7;17273;0,016;0,017;0,186;60
202104;SRR;STAR AIR DANEMARK;E;DANEMARK;0;6900;69000;0;0,0038;0,038;257
202104;SWN;WEST AIR SWEDEN;E;SUEDE;10;1679,4;16804;0;0,0009;0,009;181
202104;SWT;SWIFTAIR ESPAGNE;E;ESPAGNE;50;1293,9;12989;0;0,0013;0,013;275
202104;SZN;AIR SENEGAL;E;SENEGAL;7918;257,6;10494;0,033;0,0011;0,044;82
202104;TAP;TAP AIR PORTUGAL;E;PORTUGAL;19112;59,5;19707;0,026;0,0001;0,027;446
202104;TAR;TUNISAIR;E;TUNISIE;32729;137,2;34101;0,041;0,0002;0,043;322
202104;TAY;ASL AIRLINES BELGIUM;E;BELGIQUE;0;1547;15470;0;0,0017;0,017;323
202104;THY;TURKISH AIRLINES;E;TURQUIE;36343;2740,9;63752;0,076;0,0061;0,137;374
202104;TPC;AIR CALEDONIE;F;FRANCE (OM);18811;74,7;19558;0,003;0;0,003;538
202104;TVF;TRANSAVIA FRANCE;F;FRANCE;104964;0,2;104966;0,139;0;0,139;1228
202104;UAE;EMIRATES;E;EMIRATS ARABES UNIS;16698;2705,6;43754;0,088;0,0142;0,23;118
202104;UAL;UNITED AIRLINES;E;ETATS-UNIS;2566;1754,4;20110;0,016;0,0107;0,123;76
202104;UPS;UPS AIRLINES;E;ETATS-UNIS;0;4579,6;45796;0;0,0092;0,092;96
202104;VLG;VUELING AIRLINES;E;ESPAGNE;41399;16,4;41563;0,05;0;0,05;427
202104;VTA;AIR TAHITI;F;FRANCE (OM);52256;119,8;53454;0,021;0,0001;0,022;1585
202104;WZZ;WIZZ AIR;E;HONGRIE;20209;0;20209;0,03;0;0,03;194
202104;ZZE; AUTRES CIE (E);E;_ZZ_E;145807;11046,3;256270;0,291;0,0532;0,823;8191
202104;ZZF; AUTRES CIE (F);F;_ZZ_F;18322;1263,7;30959;0,073;0,0078;0,151;3304
202105;AAL;AMERICAN AIRLINES;E;ETATS-UNIS;2475;1826,9;20744;0,018;0,0133;0,151;96
202105;ACA;AIR CANADA;E;CANADA;4149;6422,8;68377;0,023;0,0364;0,387;98
202105;AEA;AIR EUROPA;E;ESPAGNE;11971;42,6;12397;0,012;0;0,012;86
202105;AEE;AEGEAN AIRLINES;E;GRECE;11021;113,8;12159;0,022;0,0002;0,024;98
202105;AFR;AIR FRANCE;F;FRANCE;1152178;45042,3;1602601;2,738;0,3263;6,001;12681
202105;ANE;AIR NOSTRUM;E;ESPAGNE;36815;0;36815;0,028;0;0,028;447
202105;AUA;AUSTRIAN AIRLINES;E;AUTRICHE;15275;71,7;15992;0,015;0,0001;0,016;203
202105;AZA;ALITALIA;E;ITALIE;16950;5,3;17003;0,015;0;0,015;210
202105;BAW;BRITISH AIRWAYS;E;ROYAUME-UNI;8765;177,9;10544;0,009;0,0001;0,01;117
202105;BCS;EAT/EUROPEAN AIR TRANSP;E;ALLEMAGNE;16;14140,8;141424;0;0,0112;0,112;714
202105;BEL;BRUSSELS AIRLINES;E;BELGIQUE;15597;29,6;15893;0,009;0;0,009;196
202105;BGA;AIRBUS TRANSPORT INTL;F;FRANCE;0;3019,5;30195;0;0,0029;0,029;153
202105;CCA;AIR CHINA INTL;E;CHINE;412;8140,9;81821;0,003;0,0667;0,67;128
202105;CCM;AIR CORSICA;F;FRANCE;111260;121,6;112476;0,067;0,0001;0,068;1566
202105;CES;CHINA EASTERN AIRLINES;E;CHINE;1546;5459,3;56139;0,014;0,0491;0,505;84
202105;CHH;HAINAN AIRLINES;E;CHINE;0;1253,5;12535;0;0,012;0,12;42
202105;CPA;CATHAY PACIFIC;E;HONG KONG (CHINE);0;1025,1;10251;0;0,0082;0,082;16
202105;CRL;CORSAIR;F;FRANCE;15584;1473,6;30320;0,099;0,0091;0,19;143
202105;DAL;DELTA AIR LINES;E;ETATS-UNIS;28230;2538,8;53618;0,188;0,0168;0,356;213
202105;DLH;LUFTHANSA;E;ALLEMAGNE;29422;640,1;35823;0,019;0,0003;0,022;530
202105;EJU;EASYJET EUROPE;E;AUTRICHE;217750;0;217750;0,19;0;0,19;1707
202105;ELY;EL AL;E;ISRAEL;14352;655,1;20903;0,047;0,0022;0,069;74
202105;ETD;ETIHAD AIRWAYS;E;EMIRATS ARABES UNIS;2850;1666,6;19516;0,015;0,0088;0,103;64
202105;ETH;ETHIOPIAN AIRLINES;E;ETHIOPIE;10970;1423,6;25206;0,061;0,0079;0,14;88
202105;EVA;EVA AIR;E;TAIWAN;369;1419,7;14566;0,004;0,0139;0,143;31
202105;EZS;EASYJET SWITZERLAND;E;SUISSE;65572;0;65572;0,083;0;0,083;590
202105;FDX;FEDEX EXPRESS;E;ETATS-UNIS;0;36036,2;360362;0;0,1213;1,213;1111
202105;FPO;ASL AIRLINES FRANCE;F;FRANCE;2098;1915,5;21253;0,003;0,0012;0,015;162
202105;FWI;AIR CARAIBES;F;FRANCE (OM);30859;1072,6;41585;0,151;0,0073;0,224;360
202105;GUY;CAIRE - AIR GUYANE EXPRESS;F;FRANCE (OM);11867;71,7;12584;0,003;0;0,003;1099
202105;IBE;IBERIA;E;ESPAGNE;30407;29,2;30699;0,031;0;0,031;228
202105;KLC;KLM/CITYHOPPER;E;PAYS-BAS;10331;0,1;10332;0,009;0;0,009;147
202105;KLM;KLM;E;PAYS-BAS;30732;240,7;33139;0,02;0,0001;0,021;433
202105;MAU;AIR MAURITIUS;E;MAURICE;1589;849;10079;0,014;0,0072;0,086;40
202105;MNB;MNG AIRLINES;E;TURQUIE;0;1332,6;13326;0;0,002;0,02;20
202105;NWS;NORDWIND AIRLINES;E;RUSSIE (FED. DE);0;1408,4;14084;0;0,0033;0,033;28
202105;PGT;PEGASUS;E;TURQUIE;15011;26,9;15280;0,031;0,0001;0,032;152
202105;QTR;QATAR AIRWAYS;E;QATAR;7863;8265,1;90514;0,039;0,0406;0,445;313
202105;REU;AIR AUSTRAL;F;FRANCE (OM);13199;982,9;23028;0,091;0,0085;0,176;105
202105;RYR;RYANAIR;E;IRLANDE;142854;3,5;142889;0,15;0;0,15;1172
202105;SIA;SINGAPORE AIRLINES;E;SINGAPOUR;2112;1446;16572;0,023;0,0155;0,178;62
202105;SRR;STAR AIR DANEMARK;E;DANEMARK;0;6242,9;62429;0;0,0034;0,034;233
202105;SWN;WEST AIR SWEDEN;E;SUEDE;6;1264,1;12647;0;0,0007;0,007;124
202105;SWT;SWIFTAIR ESPAGNE;E;ESPAGNE;0;1237,9;12379;0;0,0022;0,022;241
202105;TAP;TAP AIR PORTUGAL;E;PORTUGAL;31746;99;32736;0,043;0,0001;0,044;451
202105;TAR;TUNISAIR;E;TUNISIE;22668;158;24248;0,028;0,0002;0,03;285
202105;TAY;ASL AIRLINES BELGIUM;E;BELGIQUE;0;1480,5;14805;0;0,0014;0,014;336
202105;THT;AIR TAHITI NUI;F;FRANCE (OM);7078;412,2;11200;0,062;0,004;0,102;68
202105;THY;TURKISH AIRLINES;E;TURQUIE;40572;3280,6;73378;0,086;0,0073;0,159;456
202105;TPC;AIR CALEDONIE;F;FRANCE (OM);32502;83,8;33340;0,005;0;0,005;700
202105;TVF;TRANSAVIA FRANCE;F;FRANCE;245128;0;245128;0,336;0;0,336;2197
202105;UAE;EMIRATES;E;EMIRATS ARABES UNIS;17005;2781,4;44819;0,089;0,0146;0,235;124
202105;UAL;UNITED AIRLINES;E;ETATS-UNIS;4068;1823,3;22301;0,025;0,0111;0,136;86
202105;UPS;UPS AIRLINES;E;ETATS-UNIS;0;4330,6;43306;0;0,0091;0,091;90
202105;VLG;VUELING AIRLINES;E;ESPAGNE;128115;41,1;128526;0,141;0;0,141;1077
202105;VOE;VOLOTEA;E;ESPAGNE;129326;0,2;129328;0,116;0;0,116;1006
202105;VTA;AIR TAHITI;F;FRANCE (OM);44594;108,8;45682;0,017;0,0001;0,018;1519
202105;WZZ;WIZZ AIR;E;HONGRIE;37818;0;37818;0,053;0;0,053;336
202105;XRC;EXPRESS AIR CARGO;E;TUNISIE;0;1085,6;10856;0;0,0016;0,016;45
202105;ZZE; AUTRES CIE (E);E;_ZZ_E;180615;11302,9;293644;0,355;0,0535;0,89;11280
202105;ZZF; AUTRES CIE (F);F;_ZZ_F;22422;937,1;31793;0,068;0,0062;0,13;4160
202106;AAL;AMERICAN AIRLINES;E;ETATS-UNIS;7666;1536,5;23031;0,057;0,0113;0,17;86
202106;ACA;AIR CANADA;E;CANADA;8391;5817,7;66568;0,046;0,0328;0,374;90
202106;AEA;AIR EUROPA;E;ESPAGNE;14169;58,8;14757;0,015;0,0001;0,016;110
202106;AEE;AEGEAN AIRLINES;E;GRECE;30196;119,1;31387;0,062;0,0003;0,065;284
202106;AFR;AIR FRANCE;F;FRANCE;1656291;42260,1;2078892;4,203;0,3069;7,272;16209
202106;AMX;AEROMEXICO;E;MEXIQUE;5333;486,4;10197;0,049;0,0045;0,094;40
202106;ANA;ANA ALL NIPPON AIRWAYS;E;JAPON;572;1211,1;12683;0,006;0,0118;0,124;42
202106;ANE;AIR NOSTRUM;E;ESPAGNE;33970;0;33970;0,026;0;0,026;454
202106;AUA;AUSTRIAN AIRLINES;E;AUTRICHE;21834;65,3;22487;0,021;0,0001;0,022;226
202106;AZA;ALITALIA;E;ITALIE;22745;6,4;22809;0,02;0;0,02;270
202106;BAW;BRITISH AIRWAYS;E;ROYAUME-UNI;12836;53,3;13369;0,013;0;0,013;179
202106;BCS;EAT/EUROPEAN AIR TRANSP;E;ALLEMAGNE;20;12693,1;126951;0;0,0098;0,098;764
202106;BEL;BRUSSELS AIRLINES;E;BELGIQUE;31624;23,4;31858;0,021;0;0,021;382
202106;BGA;AIRBUS TRANSPORT INTL;F;FRANCE;0;3749,8;37498;0;0,0036;0,036;187
202106;CCA;AIR CHINA INTL;E;CHINE;876;7174,3;72619;0,007;0,0588;0,595;106
202106;CCM;AIR CORSICA;F;FRANCE;157405;151;158915;0,096;0,0001;0,097;1785
202106;CES;CHINA EASTERN AIRLINES;E;CHINE;1864;4400;45864;0,017;0,04;0,417;68
202106;CPA;CATHAY PACIFIC;E;HONG KONG (CHINE);3;1699,9;17002;0;0,016;0,16;20
202106;CRL;CORSAIR;F;FRANCE;37401;1813,1;55532;0,249;0,012;0,369;230
202106;DAH;AIR ALGERIE;E;ALGERIE;6983;513,7;12120;0,008;0,0007;0,015;92
202106;DAL;DELTA AIR LINES;E;ETATS-UNIS;37533;2273,4;60267;0,25;0,0151;0,401;204
202106;DLH;LUFTHANSA;E;ALLEMAGNE;54310;779,8;62108;0,036;0,0004;0,04;723
202106;EJU;EASYJET EUROPE;E;AUTRICHE;379161;0;379161;0,335;0;0,335;2789
202106;ELY;EL AL;E;ISRAEL;15272;512,4;20396;0,05;0,0017;0,067;84
202106;ETD;ETIHAD AIRWAYS;E;EMIRATS ARABES UNIS;3422;1637,2;19794;0,018;0,0086;0,104;60
202106;ETH;ETHIOPIAN AIRLINES;E;ETHIOPIE;12827;1349,4;26321;0,072;0,0069;0,141;90
202106;EVA;EVA AIR;E;TAIWAN;392;1084,2;11234;0,004;0,0106;0,11;27
202106;EZS;EASYJET SWITZERLAND;E;SUISSE;110765;0;110765;0,108;0;0,108;912
202106;FBU;FRENCH BEE;F;FRANCE;11895;477,9;16674;0,125;0,0047;0,172;59
202106;FDX;FEDEX EXPRESS;E;ETATS-UNIS;0;46675,1;466751;0;0,1652;1,652;1200
202106;FPO;ASL AIRLINES FRANCE;F;FRANCE;3142;2411,8;27260;0,004;0,0018;0,022;200
202106;FWI;AIR CARAIBES;F;FRANCE (OM);62983;1456,9;77552;0,342;0,0099;0,441;516
202106;GUY;CAIRE - AIR GUYANE EXPRESS;F;FRANCE (OM);15957;88,5;16842;0,004;0;0,004;1187
202106;IBE;IBERIA;E;ESPAGNE;39409;33,3;39742;0,04;0;0,04;325
202106;JAF;TUIFLY BELGIUM;E;BELGIQUE;31935;0;31935;0,06;0;0,06;344
202106;KAL;KOREAN AIR;E;COREE DU SUD;1049;956,4;10613;0,009;0,0085;0,094;33
202106;KLC;KLM/CITYHOPPER;E;PAYS-BAS;25953;0,1;25954;0,023;0;0,023;333
202106;KLM;KLM;E;PAYS-BAS;37489;297,1;40460;0,025;0,0001;0,026;452
202106;LBT;NOUVELAIR;E;TUNISIE;33452;26;33712;0,046;0;0,046;342
202106;LOT;LOT POLISH AIRLINES;E;POLOGNE;10328;84,7;11175;0,014;0,0001;0,015;125
202106;MAC;AIR ARABIA MAROC;E;MAROC;22128;14,6;22274;0,033;0;0,033;232
202106;MEA;MIDDLE EAST AIRLINES;E;LIBAN;11803;49,1;12294;0,038;0,0002;0,04;88
202106;MNB;MNG AIRLINES;E;TURQUIE;0;1665,7;16657;0;0,0022;0,022;25
202106;PGT;PEGASUS;E;TURQUIE;28613;45,8;29071;0,06;0,0001;0,061;256
202106;QTR;QATAR AIRWAYS;E;QATAR;12316;7682,8;89144;0,061;0,0377;0,438;293
202106;RAM;ROYAL AIR MAROC;E;MAROC;59360;121,1;60571;0,108;0,0002;0,11;609
202106;REU;AIR AUSTRAL;F;FRANCE (OM);26263;1151,7;37780;0,191;0,0097;0,288;132
202106;RYR;RYANAIR;E;IRLANDE;349034;9,7;349131;0,383;0;0,383;2961
202106;SAS;SAS;E;SUEDE;13312;3,6;13348;0,021;0;0,021;142
202106;SIA;SINGAPORE AIRLINES;E;SINGAPOUR;3420;1482;18240;0,037;0,0159;0,196;60
202106;SRR;STAR AIR DANEMARK;E;DANEMARK;0;7772,8;77728;0;0,0045;0,045;283
202106;SWN;WEST AIR SWEDEN;E;SUEDE;6;1550,5;15511;0;0,0009;0,009;171
202106;SWR;SWISS;E;SUISSE;11218;220,8;13426;0,005;0,0001;0,006;142
202106;SWT;SWIFTAIR ESPAGNE;E;ESPAGNE;0;1091;10910;0;0,0012;0,012;259
202106;SZN;AIR SENEGAL;E;SENEGAL;11460;226,6;13726;0,048;0,001;0,058;87
202106;TAP;TAP AIR PORTUGAL;E;PORTUGAL;41765;65,8;42423;0,056;0,0001;0,057;599
202106;TAR;TUNISAIR;E;TUNISIE;40124;242,2;42546;0,05;0,0003;0,053;402
202106;TAY;ASL AIRLINES BELGIUM;E;BELGIQUE;0;2047,4;20474;0;0,0023;0,023;369
202106;THT;AIR TAHITI NUI;F;FRANCE (OM);12862;502,4;17886;0,134;0,0041;0,175;105
202106;THY;TURKISH AIRLINES;E;TURQUIE;56606;2907,7;85683;0,12;0,0064;0,184;506
202106;TPC;AIR CALEDONIE;F;FRANCE (OM);38829;97,5;39804;0,007;0;0,007;805
202106;TVF;TRANSAVIA FRANCE;F;FRANCE;387350;0;387350;0,57;0;0,57;3153
202106;TVS;TRAVEL SERVICE / SMARTWINGS;E;TCHEQUIE;12771;0;12771;0,025;0;0,025;134
202106;UAE;EMIRATES;E;EMIRATS ARABES UNIS;16079;2611,6;42195;0,084;0,0136;0,22;120
202106;UAL;UNITED AIRLINES;E;ETATS-UNIS;16172;1586,9;32041;0,101;0,0097;0,198;110
202106;UPS;UPS AIRLINES;E;ETATS-UNIS;0;4477,1;44771;0;0,0091;0,091;91
202106;VLG;VUELING AIRLINES;E;ESPAGNE;170327;54,3;170870;0,178;0,0001;0,179;1326
202106;VOE;VOLOTEA;E;ESPAGNE;285991;2,8;286019;0,271;0;0,271;2084
202106;VTA;AIR TAHITI;F;FRANCE (OM);50394;106,8;51462;0,02;0,0001;0,021;1691
202106;WZZ;WIZZ AIR;E;HONGRIE;75416;0;75416;0,105;0;0,105;674
202106;XRC;EXPRESS AIR CARGO;E;TUNISIE;0;1175,1;11751;0;0,0018;0,018;50
202106;ZZE; AUTRES CIE (E);E;_ZZ_E;197391;10696;304351;0,372;0,0518;0,89;13771
202106;ZZF; AUTRES CIE (F);F;_ZZ_F;21651;492,4;26575;0,027;0,0017;0,044;4972
202107;AAL;AMERICAN AIRLINES;E;ETATS-UNIS;16220;1445,9;30679;0,118;0,0104;0,222;94
202107;ACA;AIR CANADA;E;CANADA;20522;5189,4;72416;0,113;0,0289;0,402;80
202107;AEA;AIR EUROPA;E;ESPAGNE;25129;181,9;26948;0,026;0,0002;0,028;158
202107;AEE;AEGEAN AIRLINES;E;GRECE;75422;134,1;76763;0,157;0,0003;0,16;617
202107;AFL;AEROFLOT;E;RUSSIE (FED. DE);10441;98,6;11427;0,026;0,0002;0,028;122
202107;AFR;AIR FRANCE;F;FRANCE;2600019;43188,6;3031905;7,206;0,3189;10,395;21665
202107;AMC;AIR MALTA;E;MALTE;14946;59,4;15540;0,025;0,0001;0,026;135
202107;AMX;AEROMEXICO;E;MEXIQUE;12122;766,9;19791;0,112;0,0071;0,183;62
202107;ANA;ANA ALL NIPPON AIRWAYS;E;JAPON;813;1097,7;11790;0,008;0,0107;0,115;46
202107;ANE;AIR NOSTRUM;E;ESPAGNE;40130;0;40130;0,03;0;0,03;539
202107;ASL;AIR SERBIA;E;SERBIE;12261;44,7;12708;0,017;0,0001;0,018;116
202107;AUA;AUSTRIAN AIRLINES;E;AUTRICHE;44969;51,2;45481;0,042;0,0001;0,043;404
202107;AZA;ALITALIA;E;ITALIE;29556;10,3;29659;0,026;0;0,026;337
202107;BAW;BRITISH AIRWAYS;E;ROYAUME-UNI;33028;108,7;34115;0,032;0;0,032;338
202107;BCS;EAT/EUROPEAN AIR TRANSP;E;ALLEMAGNE;9;12707,6;127085;0;0,0096;0,096;768
202107;BEL;BRUSSELS AIRLINES;E;BELGIQUE;59935;25;60185;0,041;0;0,041;578
202107;BGA;AIRBUS TRANSPORT INTL;F;FRANCE;0;1472,3;14723;0;0,0015;0,015;82
202107;BLA;BLUE AIR AVIATION;E;ROUMANIE;17822;10,2;17924;0,031;0;0,031;134
202107;BTI;AIR BALTIC;E;LETTONIE;14629;104,5;15674;0,026;0,0002;0,028;149
202107;CCA;AIR CHINA INTL;E;CHINE;740;7244,8;73188;0,006;0,0594;0,6;116
202107;CCM;AIR CORSICA;F;FRANCE;216141;154,6;217687;0,131;0,0001;0,132;2327
202107;CES;CHINA EASTERN AIRLINES;E;CHINE;1755;3546,9;37224;0,016;0,0329;0,345;55
202107;CPA;CATHAY PACIFIC;E;HONG KONG (CHINE);0;2681,7;26817;0;0,0189;0,189;28
202107;CRL;CORSAIR;F;FRANCE;89439;2222,1;111660;0,62;0,0154;0,774;407
202107;CXI;CORENDON AIRLINES EUROPE;E;MALTE;13300;0;13300;0,025;0;0,025;108
202107;DAH;AIR ALGERIE;E;ALGERIE;7877;437,4;12251;0,009;0,0005;0,014;108
202107;DAL;DELTA AIR LINES;E;ETATS-UNIS;59107;2696,4;86071;0,393;0,018;0,573;260
202107;DLH;LUFTHANSA;E;ALLEMAGNE;152389;1392,7;166316;0,102;0,0008;0,11;1538
202107;EIN;AER LINGUS;E;IRLANDE;11598;30;11898;0,012;0;0,012;122
202107;EJU;EASYJET EUROPE;E;AUTRICHE;991977;1,9;991996;1;0;1;7173
202107;ELY;EL AL;E;ISRAEL;23818;648,3;30301;0,076;0,0021;0,097;140
202107;ENT;ENTER AIR;E;POLOGNE;21078;0;21078;0,03;0;0,03;180
202107;ETD;ETIHAD AIRWAYS;E;EMIRATS ARABES UNIS;6447;1598;22427;0,034;0,0084;0,118;66
202107;ETH;ETHIOPIAN AIRLINES;E;ETHIOPIE;16277;1122,4;27501;0,091;0,006;0,151;96
202107;EVA;EVA AIR;E;TAIWAN;410;1861;19020;0,004;0,0182;0,186;41
202107;EWG;EUROWINGS;E;ALLEMAGNE;25192;0;25192;0,024;0;0,024;202
202107;EZS;EASYJET SWITZERLAND;E;SUISSE;306033;0;306033;0,265;0;0,265;2274
202107;EZY;EASYJET R-U;E;ROYAUME-UNI;10340;0;10340;0,008;0;0,008;156
202107;EZZ;ETF AIRWAYS;E;CROATIE;17186;0;17186;0,021;0;0,021;147
202107;FBU;FRENCH BEE;F;FRANCE;32765;1029,1;43056;0,324;0,0092;0,416;145
202107;FDX;FEDEX EXPRESS;E;ETATS-UNIS;0;33199,2;331992;0;0,1158;1,158;1184
202107;FPO;ASL AIRLINES FRANCE;F;FRANCE;12954;3446,4;47418;0,018;0,0034;0,052;325
202107;FWI;AIR CARAIBES;F;FRANCE (OM);124692;1840,6;143098;0,725;0,0125;0,85;825
202107;GPX;GP AVIATION LTD.;E;BULGARIE;14930;0;14930;0,018;0;0,018;146
202107;GUY;CAIRE - AIR GUYANE EXPRESS;F;FRANCE (OM);24207;88,8;25095;0,006;0;0,006;1412
202107;IBE;IBERIA;E;ESPAGNE;49308;45,2;49760;0,049;0;0,049;373
202107;ICE;ICELANDAIR;E;ISLANDE;15626;90,6;16532;0,035;0,0002;0,037;104
202107;JAF;TUIFLY BELGIUM;E;BELGIQUE;61885;0;61885;0,115;0;0,115;585
202107;KAL;KOREAN AIR;E;COREE DU SUD;2076;1408,5;16161;0,019;0,0126;0,145;48
202107;KLC;KLM/CITYHOPPER;E;PAYS-BAS;33643;0;33643;0,03;0;0,03;434
202107;KLM;KLM;E;PAYS-BAS;105180;351,7;108697;0,078;0,0001;0,079;979
202107;LBT;NOUVELAIR;E;TUNISIE;61880;19,9;62079;0,089;0;0,089;630
202107;LGL;LUXAIR;E;LUXEMBOURG;15139;0;15139;0,011;0;0,011;268
202107;LOT;LOT POLISH AIRLINES;E;POLOGNE;17438;75,9;18197;0,024;0,0001;0,025;182
202107;LYX;SMARTLYNX MALTA;E;MALTE;12710;0;12710;0,029;0;0,029;97
202107;MAC;AIR ARABIA MAROC;E;MAROC;55228;11,7;55345;0,084;0;0,084;524
202107;MEA;MIDDLE EAST AIRLINES;E;LIBAN;21811;73,8;22549;0,068;0,0002;0,07;142
202107;MNB;MNG AIRLINES;E;TURQUIE;0;1066;10660;0;0,0014;0,014;16
202107;MSR;EGYPT AIR;E;EGYPTE;13283;347,8;16761;0,043;0,0011;0,054;90
202107;NAX;NORWEGIAN;E;NORVEGE;29494;0;29494;0,045;0;0,045;204
202107;PGT;PEGASUS;E;TURQUIE;51340;48,4;51824;0,109;0,0001;0,11;427
202107;QTR;QATAR AIRWAYS;E;QATAR;22896;6845,7;91353;0,114;0,0334;0,448;281
202107;RAM;ROYAL AIR MAROC;E;MAROC;178018;344;181458;0,312;0,0007;0,319;1740
202107;REU;AIR AUSTRAL;F;FRANCE (OM);55962;1339,8;69360;0,405;0,0116;0,521;226
202107;RYR;RYANAIR;E;IRLANDE;667436;23,8;667674;0,739;0;0,739;5215
202107;SAS;SAS;E;SUEDE;45687;0,9;45696;0,074;0;0,074;428
202107;SIA;SINGAPORE AIRLINES;E;SINGAPOUR;4333;1416,1;18494;0,047;0,0152;0,199;62
202107;SRR;STAR AIR DANEMARK;E;DANEMARK;0;7416,2;74162;0;0,0043;0,043;273
202107;SVA;SAUDIA;E;ARABIE SAOUDITE;8497;826,7;16764;0,039;0,0038;0,077;50
202107;SWN;WEST AIR SWEDEN;E;SUEDE;6;1426,7;14273;0;0,0008;0,008;157
202107;SWR;SWISS;E;SUISSE;40419;530,6;45725;0,02;0,0003;0,023;406
202107;SXS;SUNEXPRESS;E;TURQUIE;31989;0;31989;0,073;0;0,073;266
202107;SZN;AIR SENEGAL;E;SENEGAL;19183;202,5;21208;0,08;0,0009;0,089;106
202107;TAM;TAM/BRASIL;E;BRESIL;3303;2463,6;27939;0,033;0,0232;0,265;24
202107;TAP;TAP AIR PORTUGAL;E;PORTUGAL;62478;63,4;63112;0,085;0,0001;0,086;769
202107;TAR;TUNISAIR;E;TUNISIE;61860;337,4;65234;0,078;0,0005;0,083;715
202107;TAY;ASL AIRLINES BELGIUM;E;BELGIQUE;20;1568,4;15704;0;0,0016;0,016;364
202107;TDR;TRADE AIR CROATIE;E;CROATIE;10800;0;10800;0,02;0;0,02;95
202107;THT;AIR TAHITI NUI;F;FRANCE (OM);20946;673,4;27680;0,251;0,0057;0,308;167
202107;THY;TURKISH AIRLINES;E;TURQUIE;120785;4351,7;164302;0,258;0,0096;0,354;1026
202107;TPC;AIR CALEDONIE;F;FRANCE (OM);30191;91,2;31103;0,005;0;0,005;686
202107;TRA;TRANSAVIA PAYS BAS;E;PAYS-BAS;18568;0;18568;0,017;0;0,017;156
202107;TVF;TRANSAVIA FRANCE;F;FRANCE;704982;1,7;704999;1,092;0;1,092;5401
202107;TVS;TRAVEL SERVICE / SMARTWINGS;E;TCHEQUIE;29723;0;29723;0,062;0;0,062;283
202107;UAE;EMIRATES;E;EMIRATS ARABES UNIS;33340;3074;64080;0,173;0,0158;0,331;177
202107;UAL;UNITED AIRLINES;E;ETATS-UNIS;29957;2227,9;52236;0,187;0,0136;0,323;158
202107;UPS;UPS AIRLINES;E;ETATS-UNIS;0;4557,4;45574;0;0,0094;0,094;91
202107;VLG;VUELING AIRLINES;E;ESPAGNE;285926;76,5;286691;0,296;0,0001;0,297;2154
202107;VOE;VOLOTEA;E;ESPAGNE;454286;2,3;454309;0,441;0;0,441;3221
202107;VTA;AIR TAHITI;F;FRANCE (OM);80043;124,3;81286;0,03;0,0001;0,031;2016
202107;WZZ;WIZZ AIR;E;HONGRIE;147783;0;147783;0,207;0;0,207;971
202107;ZZE; AUTRES CIE (E);E;_ZZ_E;170381;12118,1;291562;0,4;0,0536;0,936;18626
202107;ZZF; AUTRES CIE (F);F;_ZZ_F;28517;483,6;33353;0,054;0,0015;0,069;6663
202108;AAL;AMERICAN AIRLINES;E;ETATS-UNIS;15489;1354,8;29037;0,112;0,0097;0,209;94
202108;ACA;AIR CANADA;E;CANADA;34645;9640;131045;0,195;0,0545;0,74;140
202108;ACI;AIRCALIN;F;FRANCE (OM);6912;356,9;10481;0,037;0,0016;0,053;225
202108;AEA;AIR EUROPA;E;ESPAGNE;27791;315,4;30945;0,029;0,0003;0,032;161
202108;AEE;AEGEAN AIRLINES;E;GRECE;103383;106,4;104447;0,216;0,0002;0,218;693
202108;AFL;AEROFLOT;E;RUSSIE (FED. DE);13082;93,1;14013;0,033;0,0002;0,035;124
202108;AFR;AIR FRANCE;F;FRANCE;2743027;40626,2;3149289;7,608;0,2947;10,555;21721
202108;AMC;AIR MALTA;E;MALTE;23520;26,3;23783;0,039;0;0,039;175
202108;AMX;AEROMEXICO;E;MEXIQUE;13889;687,8;20767;0,128;0,0063;0,191;62
202108;ANE;AIR NOSTRUM;E;ESPAGNE;39928;0;39928;0,03;0;0,03;606
202108;ASL;AIR SERBIA;E;SERBIE;12946;38,5;13331;0,018;0,0001;0,019;124
202108;AUA;AUSTRIAN AIRLINES;E;AUTRICHE;56205;43,2;56637;0,054;0;0,054;477
202108;AUI;UKRAINE INTL AIRLINES;E;UKRAINE;11663;182,5;13488;0,024;0,0004;0,028;84
202108;AZA;ALITALIA;E;ITALIE;36043;21,6;36259;0,031;0;0,031;380
202108;BAW;BRITISH AIRWAYS;E;ROYAUME-UNI;64852;578,1;70633;0,057;0,0002;0,059;599
202108;BBD;BLUEBIRD CARGO;E;ISLANDE;6;1961,5;19621;0;0,0019;0,019;141
202108;BCS;EAT/EUROPEAN AIR TRANSP;E;ALLEMAGNE;9;9713,8;97147;0;0,0073;0,073;795
202108;BEL;BRUSSELS AIRLINES;E;BELGIQUE;64817;21,4;65031;0,043;0;0,043;594
202108;BGA;AIRBUS TRANSPORT INTL;F;FRANCE;0;2317,1;23171;0;0,0023;0,023;117
202108;BLA;BLUE AIR AVIATION;E;ROUMANIE;20674;7,5;20749;0,035;0;0,035;166
202108;BTI;AIR BALTIC;E;LETTONIE;18676;101,4;19690;0,033;0,0002;0,035;182
202108;CAI;CORENDON AIRLINES;E;TURQUIE;13303;0;13303;0,029;0;0,029;108
202108;CCA;AIR CHINA INTL;E;CHINE;1069;9447,6;95545;0,009;0,0775;0,784;144
202108;CCM;AIR CORSICA;F;FRANCE;225410;159,7;227007;0,133;0,0001;0,134;2304
202108;CES;CHINA EASTERN AIRLINES;E;CHINE;1977;1692,3;18900;0,018;0,0157;0,175;25
202108;CPA;CATHAY PACIFIC;E;HONG KONG (CHINE);1477;4350,7;44984;0,014;0,0365;0,379;48
202108;CRL;CORSAIR;F;FRANCE;88152;2076,9;108921;0,606;0,0145;0,751;393
202108;CSN;CHINA SOUTHERN AIRLINES;E;CHINE;1819;1375,7;15576;0,017;0,013;0,147;25
202108;CTN;CROATIA AIRLINES;E;CROATIE;14110;23,3;14343;0,017;0;0,017;143
202108;CXI;CORENDON AIRLINES EUROPE;E;MALTE;16720;0;16720;0,032;0;0,032;114
202108;DAH;AIR ALGERIE;E;ALGERIE;11222;399,5;15217;0,014;0,0005;0,019;136
202108;DAL;DELTA AIR LINES;E;ETATS-UNIS;75473;2656,8;102041;0,493;0,0172;0,665;342
202108;DLH;LUFTHANSA;E;ALLEMAGNE;190191;1747,3;207664;0,124;0,0009;0,133;1747
202108;EIN;AER LINGUS;E;IRLANDE;27782;64,7;28429;0,029;0,0001;0,03;226
202108;EJU;EASYJET EUROPE;E;AUTRICHE;1200417;0;1200417;1,231;0;1,231;8047
202108;ELY;EL AL;E;ISRAEL;21739;1230,9;34048;0,069;0,004;0,109;132
202108;ENT;ENTER AIR;E;POLOGNE;23915;0;23915;0,039;0;0,039;188
202108;ETD;ETIHAD AIRWAYS;E;EMIRATS ARABES UNIS;10962;1421,2;25174;0,058;0,0075;0,133;62
202108;ETH;ETHIOPIAN AIRLINES;E;ETHIOPIE;14895;757;22465;0,083;0,004;0,123;104
202108;EVA;EVA AIR;E;TAIWAN;646;1819,9;18845;0,006;0,0178;0,184;41
202108;EWG;EUROWINGS;E;ALLEMAGNE;27901;0;27901;0,026;0;0,026;226
202108;EZS;EASYJET SWITZERLAND;E;SUISSE;363330;0;363330;0,322;0;0,322;2495
202108;EZY;EASYJET R-U;E;ROYAUME-UNI;38975;0;38975;0,035;0;0,035;326
202108;EZZ;ETF AIRWAYS;E;CROATIE;18353;0;18353;0,023;0;0,023;156
202108;FBU;FRENCH BEE;F;FRANCE;41266;1203,3;53299;0,381;0,0105;0,486;172
202108;FDX;FEDEX EXPRESS;E;ETATS-UNIS;0;38760,2;387602;0;0,1312;1,312;1153
202108;FPO;ASL AIRLINES FRANCE;F;FRANCE;20568;3664,9;57217;0,031;0,0039;0,07;348
202108;FWI;AIR CARAIBES;F;FRANCE (OM);124710;1840,7;143117;0,75;0,0126;0,876;773
202108;GPX;GP AVIATION LTD.;E;BULGARIE;17020;0;17020;0,02;0;0,02;164
202108;GUY;CAIRE - AIR GUYANE EXPRESS;F;FRANCE (OM);19790;58,2;20372;0,005;0;0,005;1271
202108;IBE;IBERIA;E;ESPAGNE;55145;45,5;55600;0,055;0;0,055;378
202108;ICE;ICELANDAIR;E;ISLANDE;18309;65,3;18962;0,041;0,0001;0,042;127
202108;JAF;TUIFLY BELGIUM;E;BELGIQUE;71379;0;71379;0,136;0;0,136;598
202108;KAL;KOREAN AIR;E;COREE DU SUD;2266;1418,7;16453;0,02;0,0127;0,147;45
202108;KLC;KLM/CITYHOPPER;E;PAYS-BAS;29344;0;29344;0,024;0;0,024;368
202108;KLM;KLM;E;PAYS-BAS;129583;360,4;133187;0,099;0,0001;0,1;1128
202108;LBT;NOUVELAIR;E;TUNISIE;65329;27,4;65603;0,092;0;0,092;601
202108;LGL;LUXAIR;E;LUXEMBOURG;17422;0;17422;0,012;0;0,012;296
202108;LOT;LOT POLISH AIRLINES;E;POLOGNE;20915;95,1;21866;0,028;0,0001;0,029;184
202108;LYX;SMARTLYNX MALTA;E;MALTE;17902;0;17902;0,041;0;0,041;122
202108;MAC;AIR ARABIA MAROC;E;MAROC;60978;8,6;61064;0,093;0;0,093;549
202108;MAU;AIR MAURITIUS;E;MAURICE;3930;874,5;12675;0,035;0,0078;0,113;46
202108;MEA;MIDDLE EAST AIRLINES;E;LIBAN;25406;104,4;26450;0,079;0,0003;0,082;182
202108;MSR;EGYPT AIR;E;EGYPTE;14761;385,2;18613;0,047;0,0012;0,059;90
202108;NAX;NORWEGIAN;E;NORVEGE;30971;0;30971;0,049;0;0,049;226
202108;PGT;PEGASUS;E;TURQUIE;65529;44,4;65973;0,14;0,0001;0,141;443
202108;QTR;QATAR AIRWAYS;E;QATAR;31174;6403,3;95207;0,155;0,0314;0,469;284
202108;RAM;ROYAL AIR MAROC;E;MAROC;230773;347,5;234248;0,403;0,0007;0,41;1911
202108;REU;AIR AUSTRAL;F;FRANCE (OM);55638;1455,1;70189;0,393;0,0118;0,511;270
202108;RYR;RYANAIR;E;IRLANDE;828830;19,9;829029;0,9;0;0,9;6006
202108;SAS;SAS;E;SUEDE;36131;10;36231;0,054;0;0,054;348
202108;SEH;SKY EXPRESS;E;GRECE;13352;1,3;13365;0,031;0;0,031;91
202108;SIA;SINGAPORE AIRLINES;E;SINGAPOUR;4982;1467,6;19658;0,053;0,0158;0,211;62
202108;SRR;STAR AIR DANEMARK;E;DANEMARK;0;6383,6;63836;0;0,0035;0,035;250
202108;SVA;SAUDIA;E;ARABIE SAOUDITE;14172;1004,4;24216;0,065;0,0046;0,111;63
202108;SWN;WEST AIR SWEDEN;E;SUEDE;11;1340,8;13419;0;0,0008;0,008;164
202108;SWR;SWISS;E;SUISSE;47795;592,5;53720;0,024;0,0003;0,027;452
202108;SXS;SUNEXPRESS;E;TURQUIE;47486;0;47486;0,107;0;0,107;334
202108;SZN;AIR SENEGAL;E;SENEGAL;13031;241,2;15443;0,054;0,001;0,064;115
202108;TAM;TAM/BRASIL;E;BRESIL;4704;2669;31394;0,048;0,0251;0,299;26
202108;TAP;TAP AIR PORTUGAL;E;PORTUGAL;87914;378,9;91703;0,119;0,0005;0,124;896
202108;TAR;TUNISAIR;E;TUNISIE;78082;267,3;80755;0,099;0,0004;0,103;723
202108;TAY;ASL AIRLINES BELGIUM;E;BELGIQUE;23;1614;16163;0;0,0018;0,018;378
202108;TDR;TRADE AIR CROATIE;E;CROATIE;13865;0;13865;0,027;0;0,027;111
202108;THT;AIR TAHITI NUI;F;FRANCE (OM);25986;675,8;32744;0,287;0,0058;0,345;153
202108;THY;TURKISH AIRLINES;E;TURQUIE;152658;4741,5;200073;0,326;0,0105;0,431;1080
202108;TPC;AIR CALEDONIE;F;FRANCE (OM);39327;90,1;40228;0,007;0;0,007;837
202108;TRA;TRANSAVIA PAYS BAS;E;PAYS-BAS;24846;0;24846;0,023;0;0,023;229
202108;TVF;TRANSAVIA FRANCE;F;FRANCE;799797;1,8;799815;1,245;0;1,245;5491
202108;TVS;TRAVEL SERVICE / SMARTWINGS;E;TCHEQUIE;44923;0;44923;0,099;0;0,099;359
202108;UAE;EMIRATES;E;EMIRATS ARABES UNIS;51129;2846,3;79592;0,264;0,0146;0,41;192
202108;UAL;UNITED AIRLINES;E;ETATS-UNIS;36531;2586,4;62395;0,23;0,016;0,39;212
202108;UPS;UPS AIRLINES;E;ETATS-UNIS;0;4348,2;43482;0;0,009;0,09;86
202108;VLG;VUELING AIRLINES;E;ESPAGNE;411539;116,3;412702;0,417;0,0001;0,418;2810
202108;VOE;VOLOTEA;E;ESPAGNE;527068;2,7;527095;0,513;0;0,513;3639
202108;VTA;AIR TAHITI;F;FRANCE (OM);67337;125,2;68589;0,024;0,0001;0,025;1907
202108;WZZ;WIZZ AIR;E;HONGRIE;166789;0;166789;0,229;0;0,229;1029
202108;ZZE; AUTRES CIE (E);E;_ZZ_E;165911;9192,5;257836;0,4;0,0317;0,717;16879
202108;ZZF; AUTRES CIE (F);F;_ZZ_F;21726;140,5;23131;0,02;0,0001;0,021;5811
202109;AAL;AMERICAN AIRLINES;E;ETATS-UNIS;15247;1638,1;31628;0,109;0,0113;0,222;114
202109;ACA;AIR CANADA;E;CANADA;35729;11473,7;150466;0,201;0,0651;0,852;162
202109;AEA;AIR EUROPA;E;ESPAGNE;24875;442,7;29302;0,026;0,0004;0,03;152
202109;AEE;AEGEAN AIRLINES;E;GRECE;75022;133,7;76359;0,157;0,0003;0,16;504
202109;AFL;AEROFLOT;E;RUSSIE (FED. DE);8995;113,8;10133;0,022;0,0003;0,025;116
202109;AFR;AIR FRANCE;F;FRANCE;2292565;39035,7;2682922;5,768;0,2841;8,609;18916
202109;AMC;AIR MALTA;E;MALTE;15717;33,3;16050;0,026;0,0001;0,027;116
202109;AMX;AEROMEXICO;E;MEXIQUE;12744;646,3;19207;0,117;0,006;0,177;60
202109;ANA;ANA ALL NIPPON AIRWAYS;E;JAPON;665;952,4;10189;0,006;0,0093;0,099;43
202109;ANE;AIR NOSTRUM;E;ESPAGNE;36721;0,1;36722;0,027;0;0,027;541
202109;ASL;AIR SERBIA;E;SERBIE;10600;48,1;11081;0,015;0,0001;0,016;120
202109;AUA;AUSTRIAN AIRLINES;E;AUTRICHE;44482;58,3;45065;0,042;0,0001;0,043;428
202109;AUI;UKRAINE INTL AIRLINES;E;UKRAINE;10326;64,1;10967;0,021;0,0001;0,022;82
202109;AZA;ALITALIA;E;ITALIE;33421;9;33511;0,028;0;0,028;382
202109;BAW;BRITISH AIRWAYS;E;ROYAUME-UNI;78262;610,2;84364;0,069;0,0002;0,071;714
202109;BCS;EAT/EUROPEAN AIR TRANSP;E;ALLEMAGNE;32;11806,7;118099;0;0,0088;0,088;810
202109;BEL;BRUSSELS AIRLINES;E;BELGIQUE;63303;8,1;63384;0,042;0;0,042;593
202109;BGA;AIRBUS TRANSPORT INTL;F;FRANCE;0;3498,1;34981;0;0,0034;0,034;171
202109;BLA;BLUE AIR AVIATION;E;ROUMANIE;14999;3,1;15030;0,021;0;0,021;148
202109;BTI;AIR BALTIC;E;LETTONIE;15711;112,5;16836;0,028;0,0002;0,03;190
202109;CCA;AIR CHINA INTL;E;CHINE;1943;10844,8;110391;0,016;0,0889;0,905;179
202109;CCM;AIR CORSICA;F;FRANCE;184165;148,7;185652;0,116;0,0001;0,117;1912
202109;CES;CHINA EASTERN AIRLINES;E;CHINE;1609;3335,2;34961;0,015;0,0309;0,324;51
202109;CPA;CATHAY PACIFIC;E;HONG KONG (CHINE);1529;5688,5;58414;0,015;0,0473;0,488;67
202109;CRL;CORSAIR;F;FRANCE;52914;1993,8;72852;0,371;0,0137;0,508;279
202109;CTN;CROATIA AIRLINES;E;CROATIE;11601;28,5;11886;0,014;0;0,014;134
202109;CXI;CORENDON AIRLINES EUROPE;E;MALTE;13454;0;13454;0,026;0;0,026;114
202109;DAH;AIR ALGERIE;E;ALGERIE;48559;712,4;55683;0,067;0,0009;0,076;266
202109;DAL;DELTA AIR LINES;E;ETATS-UNIS;62453;2790,5;90358;0,412;0,0184;0,596;354
202109;DLH;LUFTHANSA;E;ALLEMAGNE;171542;1394,5;185487;0,113;0,0008;0,121;1715
202109;EIN;AER LINGUS;E;IRLANDE;26563;73,2;27295;0,027;0,0001;0,028;232
202109;EJU;EASYJET EUROPE;E;AUTRICHE;1002043;0;1002043;0,932;0;0,932;6935
202109;ELY;EL AL;E;ISRAEL;13528;653,9;20067;0,044;0,0021;0,065;68
202109;ENT;ENTER AIR;E;POLOGNE;11980;0;11980;0,016;0;0,016;104
202109;ETD;ETIHAD AIRWAYS;E;EMIRATS ARABES UNIS;5993;1393,4;19927;0,032;0,0073;0,105;60
202109;ETH;ETHIOPIAN AIRLINES;E;ETHIOPIE;11939;833,5;20274;0,067;0,0044;0,111;90
202109;EVA;EVA AIR;E;TAIWAN;427;1340,4;13831;0,004;0,0131;0,135;30
202109;EWG;EUROWINGS;E;ALLEMAGNE;29628;0;29628;0,026;0;0,026;332
202109;EZS;EASYJET SWITZERLAND;E;SUISSE;279564;0;279564;0,259;0;0,259;2005
202109;EZY;EASYJET R-U;E;ROYAUME-UNI;66495;0;66495;0,058;0;0,058;560
202109;FBU;FRENCH BEE;F;FRANCE;23114;784,8;30962;0,206;0,0074;0,28;100
202109;FDX;FEDEX EXPRESS;E;ETATS-UNIS;0;34406,7;344067;0;0,1267;1,267;1377
202109;FPO;ASL AIRLINES FRANCE;F;FRANCE;14906;3192,5;46831;0,02;0,0027;0,047;317
202109;FWI;AIR CARAIBES;F;FRANCE (OM);61234;1692,7;78161;0,342;0,0116;0,458;497
202109;GUY;CAIRE - AIR GUYANE EXPRESS;F;FRANCE (OM);11264;64,4;11908;0,003;0;0,003;1064
202109;IBE;IBERIA;E;ESPAGNE;53010;45,8;53468;0,054;0;0,054;326
202109;ICE;ICELANDAIR;E;ISLANDE;12519;36,8;12887;0,028;0,0001;0,029;100
202109;JAF;TUIFLY BELGIUM;E;BELGIQUE;54739;0,8;54747;0,103;0;0,103;555
202109;KAL;KOREAN AIR;E;COREE DU SUD;2521;1366,7;16188;0,023;0,0122;0,145;43
202109;KLC;KLM/CITYHOPPER;E;PAYS-BAS;44774;0,2;44776;0,039;0;0,039;544
202109;KLM;KLM;E;PAYS-BAS;86740;307,2;89812;0,062;0,0001;0,063;812
202109;LBT;NOUVELAIR;E;TUNISIE;32749;23,1;32980;0,045;0;0,045;323
202109;LGL;LUXAIR;E;LUXEMBOURG;16254;0;16254;0,011;0;0,011;271
202109;LOT;LOT POLISH AIRLINES;E;POLOGNE;15967;104,9;17016;0,022;0,0001;0,023;184
202109;LYX;SMARTLYNX MALTA;E;MALTE;12810;0;12810;0,029;0;0,029;109
202109;MAC;AIR ARABIA MAROC;E;MAROC;39843;12,1;39964;0,06;0;0,06;502
202109;MAU;AIR MAURITIUS;E;MAURICE;3634;882,5;12459;0,032;0,0076;0,108;48
202109;MEA;MIDDLE EAST AIRLINES;E;LIBAN;13463;55,7;14020;0,043;0,0002;0,045;103
202109;MNB;MNG AIRLINES;E;TURQUIE;0;1532,4;15324;0;0,002;0,02;23
202109;MSR;EGYPT AIR;E;EGYPTE;11516;411,4;15630;0,037;0,0013;0,05;68
202109;NAX;NORWEGIAN;E;NORVEGE;34159;0;34159;0,056;0;0,056;228
202109;PGT;PEGASUS;E;TURQUIE;53931;54,5;54476;0,114;0,0001;0,115;353
202109;QTR;QATAR AIRWAYS;E;QATAR;27143;6556,4;92707;0,135;0,0322;0,457;274
202109;RAM;ROYAL AIR MAROC;E;MAROC;139066;312,2;142188;0,25;0,0006;0,256;1360
202109;REU;AIR AUSTRAL;F;FRANCE (OM);36169;1013,6;46305;0,25;0,0083;0,333;196
202109;RYR;RYANAIR;E;IRLANDE;742920;14,6;743066;0,811;0;0,811;5611
202109;SAS;SAS;E;SUEDE;32977;25,1;33228;0,047;0;0,047;314
202109;SEH;SKY EXPRESS;E;GRECE;12839;3,3;12872;0,03;0;0,03;99
202109;SIA;SINGAPORE AIRLINES;E;SINGAPOUR;3687;1466,8;18355;0,04;0,0157;0,197;60
202109;SRR;STAR AIR DANEMARK;E;DANEMARK;5;6218,1;62186;0;0,0035;0,035;220
202109;SVA;SAUDIA;E;ARABIE SAOUDITE;13925;1146,3;25388;0,064;0,0052;0,116;66
202109;SWN;WEST AIR SWEDEN;E;SUEDE;7;1597;15977;0;0,0009;0,009;172
202109;SWR;SWISS;E;SUISSE;40080;583,1;45911;0,02;0,0003;0,023;402
202109;SXS;SUNEXPRESS;E;TURQUIE;27180;0;27180;0,062;0;0,062;228
202109;SZN;AIR SENEGAL;E;SENEGAL;10907;318,3;14090;0,046;0,0013;0,059;95
202109;TAP;TAP AIR PORTUGAL;E;PORTUGAL;65139;50,5;65644;0,089;0,0001;0,09;623
202109;TAR;TUNISAIR;E;TUNISIE;53462;248,8;55950;0,067;0,0004;0,071;488
202109;TAY;ASL AIRLINES BELGIUM;E;BELGIQUE;0;1603,1;16031;0;0,0015;0,015;374
202109;THT;AIR TAHITI NUI;F;FRANCE (OM);12155;779,9;19954;0,137;0,0063;0,2;146
202109;THY;TURKISH AIRLINES;E;TURQUIE;122620;5217,3;174793;0,26;0,0115;0,375;896
202109;TRA;TRANSAVIA PAYS BAS;E;PAYS-BAS;20369;0;20369;0,019;0;0,019;187
202109;TSC;AIR TRANSAT;E;CANADA;10077;0,8;10085;0,056;0;0,056;62
202109;TVF;TRANSAVIA FRANCE;F;FRANCE;618615;4,5;618660;0,928;0;0,928;4244
202109;TVS;TRAVEL SERVICE / SMARTWINGS;E;TCHEQUIE;22582;0;22582;0,045;0;0,045;212
202109;UAE;EMIRATES;E;EMIRATS ARABES UNIS;36089;2919,9;65288;0,187;0,0149;0,336;180
202109;UAL;UNITED AIRLINES;E;ETATS-UNIS;29615;2972,1;59336;0,186;0,0185;0,371;204
202109;UPS;UPS AIRLINES;E;ETATS-UNIS;0;4295,2;42952;0;0,0085;0,085;88
202109;VLG;VUELING AIRLINES;E;ESPAGNE;320505;81,4;321319;0,32;0,0001;0,321;2207
202109;VOE;VOLOTEA;E;ESPAGNE;275505;4,2;275547;0,29;0;0,29;1941
202109;VTA;AIR TAHITI;F;FRANCE (OM);29999;109,1;31090;0,011;0,0001;0,012;1187
202109;WZZ;WIZZ AIR;E;HONGRIE;139844;0;139844;0,197;0;0,197;937
202109;ZZE; AUTRES CIE (E);E;_ZZ_E;167548;10335,3;270901;0,418;0,0402;0,82;16191
202109;ZZF; AUTRES CIE (F);F;_ZZ_F;33299;550,7;38806;0,043;0,0018;0,061;5697
202110;AAL;AMERICAN AIRLINES;E;ETATS-UNIS;18561;2168,9;40250;0,131;0,0153;0,284;124
202110;ACA;AIR CANADA;E;CANADA;35662;10584,6;141508;0,202;0,0605;0,807;152
202110;AEA;AIR EUROPA;E;ESPAGNE;27872;127,1;29143;0,029;0,0001;0,03;150
202110;AEE;AEGEAN AIRLINES;E;GRECE;57928;116,8;59096;0,123;0,0002;0,125;397
202110;AFL;AEROFLOT;E;RUSSIE (FED. DE);9981;480,8;14789;0,025;0,0012;0,037;152
202110;AFR;AIR FRANCE;F;FRANCE;2493767;44757;2941337;6,458;0,324;9,698;19820
202110;AMC;AIR MALTA;E;MALTE;15846;37;16216;0,026;0,0001;0,027;112
202110;AMX;AEROMEXICO;E;MEXIQUE;13068;769,1;20759;0,12;0,0071;0,191;62
202110;ANA;ANA ALL NIPPON AIRWAYS;E;JAPON;707;1079,4;11501;0,007;0,0105;0,112;44
202110;ANE;AIR NOSTRUM;E;ESPAGNE;43080;0,1;43081;0,032;0;0,032;594
202110;ASL;AIR SERBIA;E;SERBIE;10126;53,7;10663;0,014;0,0001;0,015;110
202110;AUA;AUSTRIAN AIRLINES;E;AUTRICHE;47053;79,4;47847;0,045;0,0001;0,046;419
202110;BAW;BRITISH AIRWAYS;E;ROYAUME-UNI;89162;780;96962;0,074;0,0003;0,077;756
202110;BBD;BLUEBIRD CARGO;E;ISLANDE;0;1158,9;11589;0;0,001;0,01;95
202110;BCS;EAT/EUROPEAN AIR TRANSP;E;ALLEMAGNE;2;13277,8;132780;0;0,0098;0,098;773
202110;BEL;BRUSSELS AIRLINES;E;BELGIQUE;65229;6,7;65296;0,043;0;0,043;592
202110;BGA;AIRBUS TRANSPORT INTL;F;FRANCE;0;3585,3;35853;0;0,0033;0,033;177
202110;BTI;AIR BALTIC;E;LETTONIE;15154;118,2;16336;0,027;0,0002;0,029;194
202110;CCA;AIR CHINA INTL;E;CHINE;527;5290;53427;0,004;0,0434;0,438;180
202110;CCM;AIR CORSICA;F;FRANCE;166126;136,7;167493;0,101;0,0001;0,102;1704
202110;CES;CHINA EASTERN AIRLINES;E;CHINE;1722;4540,8;47130;0,016;0,0416;0,432;70
202110;CPA;CATHAY PACIFIC;E;HONG KONG (CHINE);532;4330,2;43834;0,005;0,0383;0,388;37
202110;CRL;CORSAIR;F;FRANCE;62896;2622,6;89122;0,468;0,0178;0,646;327
202110;CXI;CORENDON AIRLINES EUROPE;E;MALTE;16151;0;16151;0,035;0;0,035;118
202110;DAH;AIR ALGERIE;E;ALGERIE;56806;1768,9;74495;0,078;0,0024;0,102;266
202110;DAL;DELTA AIR LINES;E;ETATS-UNIS;64779;3290,4;97683;0,432;0,0219;0,651;371
202110;DLH;LUFTHANSA;E;ALLEMAGNE;194757;1473,6;209493;0,128;0,0008;0,136;1947
202110;EIN;AER LINGUS;E;IRLANDE;30782;78,1;31563;0,029;0,0001;0,03;224
202110;EJU;EASYJET EUROPE;E;AUTRICHE;1076402;0;1076402;0,996;0;0,996;7266
202110;ELY;EL AL;E;ISRAEL;22076;569,4;27770;0,072;0,0019;0,091;110
202110;ENT;ENTER AIR;E;POLOGNE;14336;0;14336;0,023;0;0,023;110
202110;ETD;ETIHAD AIRWAYS;E;EMIRATS ARABES UNIS;10447;1336,9;23816;0,055;0,007;0,125;62
202110;ETH;ETHIOPIAN AIRLINES;E;ETHIOPIE;14348;1175;26098;0,08;0,0062;0,142;96
202110;EVA;EVA AIR;E;TAIWAN;377;1422,9;14606;0,004;0,0139;0,143;34
202110;EWG;EUROWINGS;E;ALLEMAGNE;25154;0;25154;0,022;0;0,022;290
202110;EZS;EASYJET SWITZERLAND;E;SUISSE;312145;0;312145;0,304;0;0,304;2197
202110;EZY;EASYJET R-U;E;ROYAUME-UNI;83427;0;83427;0,06;0;0,06;634
202110;FBU;FRENCH BEE;F;FRANCE;31860;1157,2;43432;0,293;0,0098;0,391;118
202110;FDX;FEDEX EXPRESS;E;ETATS-UNIS;0;47838,5;478385;0;0,1802;1,802;1371
202110;FIN;FINNAIR;E;FINLANDE;15323;62,5;15948;0,03;0,0001;0,031;136
202110;FPO;ASL AIRLINES FRANCE;F;FRANCE;9797;2832,2;38119;0,012;0,0022;0,034;252
202110;FWI;AIR CARAIBES;F;FRANCE (OM);80614;1780,2;98416;0,429;0,0121;0,55;633
202110;GUY;CAIRE - AIR GUYANE EXPRESS;F;FRANCE (OM);16819;70,2;17521;0,004;0;0,004;1208
202110;IBE;IBERIA;E;ESPAGNE;49619;42,4;50043;0,051;0;0,051;294
202110;IBS;IBERIA EXPRESS;E;ESPAGNE;14645;6,1;14706;0,013;0;0,013;136
202110;ICE;ICELANDAIR;E;ISLANDE;11099;97,8;12077;0,025;0,0002;0,027;63
202110;ITY;ITALIA TRASPORTO AEREO;E;ITALIE;22420;8,1;22501;0,018;0;0,018;225
202110;JAF;TUIFLY BELGIUM;E;BELGIQUE;42577;4,1;42618;0,082;0;0,082;421
202110;JAL;JAPAN AIRLINES;E;JAPON;3186;880,6;11992;0,031;0,0086;0,117;62
202110;KAL;KOREAN AIR;E;COREE DU SUD;3106;1646,9;19575;0,028;0,0147;0,175;51
202110;KLC;KLM/CITYHOPPER;E;PAYS-BAS;48010;2,2;48032;0,041;0;0,041;573
202110;KLM;KLM;E;PAYS-BAS;93616;317,8;96794;0,065;0,0001;0,066;827
202110;LAN;LAN AIRLINES;E;CHILI;9670;384,3;13513;0,1;0,004;0,14;36
202110;LBT;NOUVELAIR;E;TUNISIE;44119;26;44379;0,062;0;0,062;383
202110;LGL;LUXAIR;E;LUXEMBOURG;11248;0;11248;0,007;0;0,007;213
202110;LOT;LOT POLISH AIRLINES;E;POLOGNE;14104;109,7;15201;0,019;0,0001;0,02;170
202110;LYX;SMARTLYNX MALTA;E;MALTE;12700;0;12700;0,031;0;0,031;89
202110;MAC;AIR ARABIA MAROC;E;MAROC;37589;12,3;37712;0,057;0;0,057;428
202110;MAU;AIR MAURITIUS;E;MAURICE;12459;911,3;21572;0,083;0,0077;0,16;80
202110;MEA;MIDDLE EAST AIRLINES;E;LIBAN;12702;98;13682;0,041;0,0003;0,044;91
202110;MNB;MNG AIRLINES;E;TURQUIE;0;1599,1;15991;0;0,0021;0,021;24
202110;MSR;EGYPT AIR;E;EGYPTE;14624;673,5;21359;0,047;0,0022;0,069;75
202110;NAX;NORWEGIAN;E;NORVEGE;38495;0;38495;0,061;0;0,061;242
202110;PGT;PEGASUS;E;TURQUIE;57384;44,9;57833;0,12;0,0001;0,121;336
202110;QTR;QATAR AIRWAYS;E;QATAR;28638;7643,6;105074;0,143;0,0371;0,514;317
202110;RAM;ROYAL AIR MAROC;E;MAROC;94449;258,3;97032;0,172;0,0005;0,177;1027
202110;REU;AIR AUSTRAL;F;FRANCE (OM);60057;1412,9;74186;0,339;0,0122;0,461;330
202110;RYR;RYANAIR;E;IRLANDE;815725;14,5;815870;0,899;0;0,899;5772
202110;SAS;SAS;E;SUEDE;41888;26;42148;0,059;0;0,059;354
202110;SEH;SKY EXPRESS;E;GRECE;11597;0;11597;0,027;0;0,027;84
202110;SIA;SINGAPORE AIRLINES;E;SINGAPOUR;5444;1516;20604;0,058;0,0163;0,221;62
202110;SRR;STAR AIR DANEMARK;E;DANEMARK;0;6188,9;61889;0;0,0035;0,035;210
202110;SVA;SAUDIA;E;ARABIE SAOUDITE;11912;953,7;21449;0,054;0,0044;0,098;63
202110;SWN;WEST AIR SWEDEN;E;SUEDE;3;1537,1;15374;0;0,0009;0,009;166
202110;SWR;SWISS;E;SUISSE;44861;615,3;51014;0,022;0,0003;0,025;424
202110;SXS;SUNEXPRESS;E;TURQUIE;34599;0;34599;0,078;0;0,078;234
202110;SZN;AIR SENEGAL;E;SENEGAL;14421;440,6;18827;0,06;0,0019;0,079;104
202110;TAP;TAP AIR PORTUGAL;E;PORTUGAL;78003;87,2;78875;0,106;0,0001;0,107;705
202110;TAR;TUNISAIR;E;TUNISIE;63162;208,5;65247;0,078;0,0003;0,081;525
202110;TAY;ASL AIRLINES BELGIUM;E;BELGIQUE;0;1960,3;19603;0;0,0022;0,022;354
202110;THT;AIR TAHITI NUI;F;FRANCE (OM);16641;824;24881;0,191;0,0068;0,259;139
202110;THY;TURKISH AIRLINES;E;TURQUIE;125375;5758,3;182958;0,265;0,0127;0,392;845
202110;TRA;TRANSAVIA PAYS BAS;E;PAYS-BAS;15413;0;15413;0,015;0;0,015;141
202110;TSC;AIR TRANSAT;E;CANADA;11349;0,9;11358;0,063;0;0,063;66
202110;TVF;TRANSAVIA FRANCE;F;FRANCE;708119;0;708119;1,052;0;1,052;4802
202110;TVS;TRAVEL SERVICE / SMARTWINGS;E;TCHEQUIE;16184;0;16184;0,039;0;0,039;137
202110;UAE;EMIRATES;E;EMIRATS ARABES UNIS;58536;3428,2;92818;0,302;0,0176;0,478;212
202110;UAL;UNITED AIRLINES;E;ETATS-UNIS;32690;3295,9;65649;0,207;0,0205;0,412;214
202110;UPS;UPS AIRLINES;E;ETATS-UNIS;0;4095,4;40954;0;0,0084;0,084;81
202110;VLG;VUELING AIRLINES;E;ESPAGNE;291081;71,6;291797;0,298;0,0001;0,299;1914
202110;VOE;VOLOTEA;E;ESPAGNE;249303;0,8;249311;0,256;0;0,256;1826
202110;VTA;AIR TAHITI;F;FRANCE (OM);56959;121,6;58175;0,02;0,0001;0,021;1653
202110;WZZ;WIZZ AIR;E;HONGRIE;146222;0;146222;0,202;0;0,202;942
202110;ZZE; AUTRES CIE (E);E;_ZZ_E;194120;8707,1;281191;0,416;0,0283;0,699;14097
202110;ZZF; AUTRES CIE (F);F;_ZZ_F;30771;530,1;36072;0,055;0,0024;0,079;5217
202111;AAL;AMERICAN AIRLINES;E;ETATS-UNIS;20899;1895,5;39854;0,147;0,0138;0,285;136
202111;ACA;AIR CANADA;E;CANADA;26216;7506,2;101278;0,148;0,043;0,578;110
202111;ACI;AIRCALIN;F;FRANCE (OM);7402;455,3;11955;0,056;0,0034;0,09;214
202111;AEA;AIR EUROPA;E;ESPAGNE;24629;101;25639;0,025;0,0001;0,026;146
202111;AEE;AEGEAN AIRLINES;E;GRECE;28349;112,9;29478;0,059;0,0002;0,061;193
202111;AFL;AEROFLOT;E;RUSSIE (FED. DE);8883;230,4;11187;0,022;0,0006;0,028;102
202111;AFR;AIR FRANCE;F;FRANCE;2647948;47745,9;3125407;7,484;0,3485;10,969;21122
202111;AMC;AIR MALTA;E;MALTE;15025;48,8;15513;0,025;0,0001;0,026;114
202111;AMX;AEROMEXICO;E;MEXIQUE;14216;727,1;21487;0,131;0,0067;0,198;60
202111;ANA;ANA ALL NIPPON AIRWAYS;E;JAPON;739;1286,4;13603;0,007;0,0125;0,132;52
202111;ANE;AIR NOSTRUM;E;ESPAGNE;38170;0;38170;0,029;0;0,029;547
202111;AUA;AUSTRIAN AIRLINES;E;AUTRICHE;31120;61,3;31733;0,029;0,0001;0,03;345
202111;BAW;BRITISH AIRWAYS;E;ROYAUME-UNI;73285;808,6;81371;0,057;0,0003;0,06;608
202111;BBD;BLUEBIRD CARGO;E;ISLANDE;0;1638,2;16382;0;0,0014;0,014;58
202111;BCS;EAT/EUROPEAN AIR TRANSP;E;ALLEMAGNE;0;7591,1;75911;0;0,0054;0,054;743
202111;BEL;BRUSSELS AIRLINES;E;BELGIQUE;55096;2,8;55124;0,036;0;0,036;563
202111;BGA;AIRBUS TRANSPORT INTL;F;FRANCE;0;3551;35510;0;0,0033;0,033;187
202111;BTI;AIR BALTIC;E;LETTONIE;8997;131;10307;0,015;0,0002;0,017;130
202111;CCA;AIR CHINA INTL;E;CHINE;1319;3613;37449;0,011;0,0296;0,307;167
202111;CCM;AIR CORSICA;F;FRANCE;129975;131,1;131286;0,074;0,0001;0,075;1500
202111;CES;CHINA EASTERN AIRLINES;E;CHINE;1874;4972;51594;0,017;0,045;0,467;76
202111;CPA;CATHAY PACIFIC;E;HONG KONG (CHINE);383;5481,4;55197;0,004;0,0457;0,461;51
202111;CRL;CORSAIR;F;FRANCE;66679;2801,9;94698;0,504;0,0197;0,701;355
202111;CXI;CORENDON AIRLINES EUROPE;E;MALTE;10066;0;10066;0,029;0;0,029;92
202111;DAH;AIR ALGERIE;E;ALGERIE;56055;1445,1;70506;0,078;0,0019;0,097;271
202111;DAL;DELTA AIR LINES;E;ETATS-UNIS;69578;2336,7;92945;0,462;0,0154;0,616;324
202111;DLH;LUFTHANSA;E;ALLEMAGNE;177637;1664,2;194279;0,116;0,0009;0,125;2120
202111;EIN;AER LINGUS;E;IRLANDE;21458;88;22338;0,018;0,0001;0,019;168
202111;EJU;EASYJET EUROPE;E;AUTRICHE;852559;0;852559;0,789;0;0,789;5686
202111;ELY;EL AL;E;ISRAEL;22151;936;31511;0,073;0,0031;0,104;104
202111;ETD;ETIHAD AIRWAYS;E;EMIRATS ARABES UNIS;12941;1341,4;26355;0,068;0,0071;0,139;60
202111;ETH;ETHIOPIAN AIRLINES;E;ETHIOPIE;13131;1169,1;24822;0,073;0,0063;0,136;87
202111;EVA;EVA AIR;E;TAIWAN;437;1507,5;15512;0,004;0,0148;0,152;32
202111;EZS;EASYJET SWITZERLAND;E;SUISSE;206574;0;206574;0,219;0;0,219;1511
202111;EZY;EASYJET R-U;E;ROYAUME-UNI;78388;0;78388;0,049;0;0,049;594
202111;FBU;FRENCH BEE;F;FRANCE;39964;1482,1;54785;0,362;0,0123;0,485;131
202111;FDX;FEDEX EXPRESS;E;ETATS-UNIS;0;46015,4;460154;0;0,1681;1,681;1469
202111;FIN;FINNAIR;E;FINLANDE;16936;82,2;17758;0,033;0,0002;0,035;197
202111;FPO;ASL AIRLINES FRANCE;F;FRANCE;12248;2785,8;40106;0,016;0,0022;0,038;263
202111;FWI;AIR CARAIBES;F;FRANCE (OM);94608;1580,4;110412;0,527;0,0108;0,635;704
202111;GUY;CAIRE - AIR GUYANE EXPRESS;F;FRANCE (OM);16630;54;17170;0,004;0;0,004;1093
202111;HVN;VIETNAM AIRLINES;E;VIETNAM;547;1001,7;10564;0,005;0,0096;0,101;28
202111;IBE;IBERIA;E;ESPAGNE;64711;44,4;65155;0,063;0;0,063;457
202111;IBS;IBERIA EXPRESS;E;ESPAGNE;24813;8,7;24900;0,022;0;0,022;198
202111;ICE;ICELANDAIR;E;ISLANDE;10650;105,7;11707;0,024;0,0002;0,026;60
202111;ITY;ITALIA TRASPORTO AEREO;E;ITALIE;38225;14,4;38369;0,03;0;0,03;396
202111;JAF;TUIFLY BELGIUM;E;BELGIQUE;22197;2,2;22219;0,042;0;0,042;262
202111;JAL;JAPAN AIRLINES;E;JAPON;2041;920,1;11242;0,02;0,0089;0,109;60
202111;KAL;KOREAN AIR;E;COREE DU SUD;4128;2215,6;26284;0,037;0,0198;0,235;44
202111;KLC;KLM/CITYHOPPER;E;PAYS-BAS;41203;0,9;41212;0,035;0;0,035;522
202111;KLM;KLM;E;PAYS-BAS;67102;299,8;70100;0,041;0,0001;0,042;635
202111;LAN;LAN AIRLINES;E;CHILI;9577;334,8;12925;0,094;0,0033;0,127;34
202111;LBT;NOUVELAIR;E;TUNISIE;33339;20,5;33544;0,045;0;0,045;280
202111;LOT;LOT POLISH AIRLINES;E;POLOGNE;13457;66,1;14118;0,018;0,0001;0,019;185
202111;MAC;AIR ARABIA MAROC;E;MAROC;34435;11,7;34552;0,053;0;0,053;396
202111;MAU;AIR MAURITIUS;E;MAURICE;17936;1186,2;29798;0,126;0,0098;0,224;178
202111;MEA;MIDDLE EAST AIRLINES;E;LIBAN;11221;233,7;13558;0,036;0,0007;0,043;61
202111;MNB;MNG AIRLINES;E;TURQUIE;0;1399,2;13992;0;0,0017;0,017;21
202111;MSR;EGYPT AIR;E;EGYPTE;16118;905,7;25175;0,052;0,0029;0,081;84
202111;PGT;PEGASUS;E;TURQUIE;56398;49,5;56893;0,118;0,0001;0,119;332
202111;QTR;QATAR AIRWAYS;E;QATAR;28556;7281;101366;0,142;0,0355;0,497;300
202111;RAM;ROYAL AIR MAROC;E;MAROC;94313;284,1;97154;0,172;0,0005;0,177;957
202111;REU;AIR AUSTRAL;F;FRANCE (OM);56715;1352,8;70243;0,314;0,0115;0,429;358
202111;RYR;RYANAIR;E;IRLANDE;756391;12,7;756518;0,871;0;0,871;5170
202111;SAS;SAS;E;SUEDE;39977;58,8;40565;0,055;0,0001;0,056;343
202111;SIA;SINGAPORE AIRLINES;E;SINGAPOUR;7777;1505,5;22832;0,083;0,0162;0,245;60
202111;SRR;STAR AIR DANEMARK;E;DANEMARK;0;5798,7;57987;0;0,0033;0,033;201
202111;SVA;SAUDIA;E;ARABIE SAOUDITE;16716;1675;33466;0,076;0,0076;0,152;121
202111;SWN;WEST AIR SWEDEN;E;SUEDE;6;1399,2;13998;0;0,0008;0,008;146
202111;SWR;SWISS;E;SUISSE;35875;683,4;42709;0,018;0,0003;0,021;373
202111;SZN;AIR SENEGAL;E;SENEGAL;15471;495;20421;0,065;0,0021;0,086;99
202111;TAP;TAP AIR PORTUGAL;E;PORTUGAL;79665;132,8;80993;0,108;0,0002;0,11;754
202111;TAR;TUNISAIR;E;TUNISIE;67616;111,1;68727;0,084;0,0002;0,086;559
202111;TAY;ASL AIRLINES BELGIUM;E;BELGIQUE;0;1672,3;16723;0;0,0019;0,019;293
202111;THT;AIR TAHITI NUI;F;FRANCE (OM);17825;714,4;24969;0,185;0,0063;0,248;110
202111;THY;TURKISH AIRLINES;E;TURQUIE;98719;3463,4;133353;0,208;0,0077;0,285;660
202111;TRA;TRANSAVIA PAYS BAS;E;PAYS-BAS;15325;0;15325;0,011;0;0,011;124
202111;TSC;AIR TRANSAT;E;CANADA;10296;32;10616;0,057;0,0002;0,059;60
202111;TVF;TRANSAVIA FRANCE;F;FRANCE;492963;0,4;492967;0,701;0;0,701;3599
202111;UAE;EMIRATES;E;EMIRATS ARABES UNIS;71065;3824,7;109312;0,366;0,0197;0,563;252
202111;UAL;UNITED AIRLINES;E;ETATS-UNIS;37792;3401,5;71807;0,237;0,0211;0,448;202
202111;UPS;UPS AIRLINES;E;ETATS-UNIS;0;4297,7;42977;0;0,0087;0,087;85
202111;VLG;VUELING AIRLINES;E;ESPAGNE;290874;90,8;291782;0,295;0,0001;0,296;2104
202111;VOE;VOLOTEA;E;ESPAGNE;176576;1,3;176589;0,179;0;0,179;1317
202111;VTA;AIR TAHITI;F;FRANCE (OM);57715;110,2;58817;0,021;0,0001;0,022;1597
202111;WZZ;WIZZ AIR;E;HONGRIE;105717;0;105717;0,143;0;0,143;698
202111;ZZE; AUTRES CIE (E);E;_ZZ_E;231022;12980,7;360829;0,496;0,053;1,026;14077
202111;ZZF; AUTRES CIE (F);F;_ZZ_F;23781;197;25751;0,017;0,0001;0,018;4220
202112;AAL;AMERICAN AIRLINES;E;ETATS-UNIS;35421;2292,6;58347;0,236;0,0159;0,395;194
202112;ABD;AIR ATLANTA ICELANDIC;E;ISLANDE;0;1041,4;10414;0;0,0099;0,099;27
202112;ACA;AIR CANADA;E;CANADA;39266;10802,6;147292;0,223;0,0614;0,837;170
202112;ACI;AIRCALIN;F;FRANCE (OM);10773;510,7;15880;0,063;0,0023;0,086;240
202112;AEA;AIR EUROPA;E;ESPAGNE;21078;60,7;21685;0,022;0,0001;0,023;150
202112;AEE;AEGEAN AIRLINES;E;GRECE;23739;155,6;25295;0,048;0,0003;0,051;178
202112;AFL;AEROFLOT;E;RUSSIE (FED. DE);11876;430,5;16181;0,029;0,0011;0,04;110
202112;AFR;AIR FRANCE;F;FRANCE;2626408;49090;3117308;8,558;0,3516;12,074;21323
202112;AIC;AIR INDIA;E;INDE;8525;530,6;13831;0,056;0,0035;0,091;44
202112;AMC;AIR MALTA;E;MALTE;15342;43,2;15774;0,025;0,0001;0,026;127
202112;AMX;AEROMEXICO;E;MEXIQUE;13309;745;20759;0,123;0,0069;0,192;62
202112;ANE;AIR NOSTRUM;E;ESPAGNE;36850;0;36850;0,029;0;0,029;590
202112;AUA;AUSTRIAN AIRLINES;E;AUTRICHE;23933;94,8;24881;0,023;0,0001;0,024;324
202112;BAW;BRITISH AIRWAYS;E;ROYAUME-UNI;47904;779,6;55700;0,037;0,0003;0,04;565
202112;BBD;BLUEBIRD CARGO;E;ISLANDE;0;1419,4;14194;0;0,0012;0,012;68
202112;BCS;EAT/EUROPEAN AIR TRANSP;E;ALLEMAGNE;1;10160,7;101608;0;0,0076;0,076;829
202112;BEL;BRUSSELS AIRLINES;E;BELGIQUE;46691;2,3;46714;0,03;0;0,03;527
202112;BGA;AIRBUS TRANSPORT INTL;F;FRANCE;0;3358,5;33585;0;0,0032;0,032;158
202112;BLA;BLUE AIR AVIATION;E;ROUMANIE;10237;0,8;10245;0,018;0;0,018;100
202112;BTI;AIR BALTIC;E;LETTONIE;9876;202;11896;0,017;0,0003;0,02;132
202112;CCA;AIR CHINA INTL;E;CHINE;1378;3870,7;40085;0,011;0,0318;0,329;178
202112;CCM;AIR CORSICA;F;FRANCE;129700;138;131080;0,074;0,0001;0,075;1556
202112;CES;CHINA EASTERN AIRLINES;E;CHINE;1212;4029,1;41503;0,011;0,0374;0,385;61
202112;CPA;CATHAY PACIFIC;E;HONG KONG (CHINE);509;4508,8;45597;0,005;0,0373;0,378;51
202112;CRL;CORSAIR;F;FRANCE;96069;2815,4;124223;0,684;0,0212;0,896;478
202112;CSN;CHINA SOUTHERN AIRLINES;E;CHINE;1542;1313,1;14673;0,015;0,0124;0,139;34
202112;DAH;AIR ALGERIE;E;ALGERIE;57206;1577,3;72979;0,08;0,0021;0,101;293
202112;DAL;DELTA AIR LINES;E;ETATS-UNIS;80079;2293,1;103010;0,528;0,015;0,678;352
202112;DLH;LUFTHANSA;E;ALLEMAGNE;161150;1740,9;178559;0,105;0,001;0,115;2081
202112;EIN;AER LINGUS;E;IRLANDE;20800;124,7;22047;0,018;0,0001;0,019;220
202112;EJU;EASYJET EUROPE;E;AUTRICHE;925700;2,8;925728;0,812;0;0,812;7029
202112;ELY;EL AL;E;ISRAEL;12511;1198,5;24496;0,041;0,0039;0,08;87
202112;ETD;ETIHAD AIRWAYS;E;EMIRATS ARABES UNIS;18781;1897,5;37756;0,099;0,01;0,199;96
202112;ETH;ETHIOPIAN AIRLINES;E;ETHIOPIE;13960;1164,4;25604;0,078;0,006;0,138;104
202112;EVA;EVA AIR;E;TAIWAN;456;1534,3;15799;0,004;0,015;0,154;35
202112;EZS;EASYJET SWITZERLAND;E;SUISSE;215876;0;215876;0,216;0;0,216;1931
202112;EZY;EASYJET R-U;E;ROYAUME-UNI;73504;0;73504;0,051;0;0,051;1050
202112;FBU;FRENCH BEE;F;FRANCE;51675;1809;69765;0,477;0,0163;0,64;162
202112;FDX;FEDEX EXPRESS;E;ETATS-UNIS;0;42356,5;423565;0;0,1623;1,623;1599
202112;FIN;FINNAIR;E;FINLANDE;21493;105;22543;0,041;0,0002;0,043;200
202112;FPO;ASL AIRLINES FRANCE;F;FRANCE;16309;3383,8;50147;0,027;0,0034;0,061;328
202112;FWI;AIR CARAIBES;F;FRANCE (OM);133024;2066,5;153689;0,777;0,0141;0,918;853
202112;GUY;CAIRE - AIR GUYANE EXPRESS;F;FRANCE (OM);20601;75,2;21353;0,006;0;0,006;1239
202112;IBE;IBERIA;E;ESPAGNE;60888;42,8;61316;0,059;0;0,059;459
202112;IBS;IBERIA EXPRESS;E;ESPAGNE;22522;4,3;22565;0,02;0;0,02;189
202112;ICE;ICELANDAIR;E;ISLANDE;10194;92,6;11120;0,023;0,0002;0,025;64
202112;ITY;ITALIA TRASPORTO AEREO;E;ITALIE;31425;21,8;31643;0,025;0;0,025;437
202112;JAL;JAPAN AIRLINES;E;JAPON;3076;885,8;11934;0,03;0,0086;0,116;64
202112;KAL;KOREAN AIR;E;COREE DU SUD;2498;2245,4;24952;0,022;0,0201;0,223;44
202112;KLC;KLM/CITYHOPPER;E;PAYS-BAS;26258;0;26258;0,022;0;0,022;430
202112;KLM;KLM;E;PAYS-BAS;70046;340,7;73453;0,044;0,0001;0,045;776
202112;KQA;KENYA AIRWAYS;E;KENYA;6197;421,9;10416;0,035;0,0026;0,061;72
202112;LAN;LAN AIRLINES;E;CHILI;11445;311;14555;0,112;0,0031;0,143;45
202112;LBT;NOUVELAIR;E;TUNISIE;39672;21,4;39886;0,053;0;0,053;327
202112;LOT;LOT POLISH AIRLINES;E;POLOGNE;12332;100,9;13341;0,017;0,0001;0,018;189
202112;MAU;AIR MAURITIUS;E;MAURICE;16345;1672,8;33073;0,127;0,0144;0,271;194
202112;MEA;MIDDLE EAST AIRLINES;E;LIBAN;15619;286,2;18481;0,05;0,0009;0,059;97
202112;MNB;MNG AIRLINES;E;TURQUIE;0;1265,9;12659;0;0,0019;0,019;19
202112;MSR;EGYPT AIR;E;EGYPTE;16403;1097,8;27381;0,053;0,0035;0,088;87
202112;PGT;PEGASUS;E;TURQUIE;54755;32,9;55084;0,115;0,0001;0,116;354
202112;QTR;QATAR AIRWAYS;E;QATAR;37043;6672,7;103770;0,184;0,0326;0,51;300
202112;REU;AIR AUSTRAL;F;FRANCE (OM);64678;2415;88828;0,414;0,0205;0,619;354
202112;RYR;RYANAIR;E;IRLANDE;550803;6,6;550869;0,593;0;0,593;4522
202112;SAS;SAS;E;SUEDE;24425;104,8;25473;0,033;0,0001;0,034;280
202112;SIA;SINGAPORE AIRLINES;E;SINGAPOUR;13849;1783,4;31683;0,149;0,0191;0,34;74
202112;SRR;STAR AIR DANEMARK;E;DANEMARK;0;6452,5;64525;0;0,0036;0,036;228
202112;SVA;SAUDIA;E;ARABIE SAOUDITE;20558;1931,2;39870;0,093;0,0088;0,181;125
202112;SWN;WEST AIR SWEDEN;E;SUEDE;7;1620,8;16215;0;0,0009;0,009;151
202112;SWR;SWISS;E;SUISSE;29485;713,1;36616;0,014;0,0003;0,017;376
202112;SZN;AIR SENEGAL;E;SENEGAL;19661;1348;33141;0,082;0,0057;0,139;115
202112;TAP;TAP AIR PORTUGAL;E;PORTUGAL;67018;90,9;67927;0,091;0,0001;0,092;790
202112;TAR;TUNISAIR;E;TUNISIE;64928;134,2;66270;0,08;0,0002;0,082;578
202112;TAY;ASL AIRLINES BELGIUM;E;BELGIQUE;0;1672,6;16726;0;0,0021;0,021;312
202112;THT;AIR TAHITI NUI;F;FRANCE (OM);18971;822;27191;0,187;0,0071;0,258;110
202112;THY;TURKISH AIRLINES;E;TURQUIE;111045;4704,3;158088;0,235;0,0104;0,339;782
202112;TPC;AIR CALEDONIE;F;FRANCE (OM);16801;79,6;17597;0,003;0;0,003;423
202112;TRA;TRANSAVIA PAYS BAS;E;PAYS-BAS;10618;0;10618;0,007;0;0,007;120
202112;TSC;AIR TRANSAT;E;CANADA;13992;52,4;14516;0,074;0,0003;0,077;82
202112;TVF;TRANSAVIA FRANCE;F;FRANCE;411463;0;411463;0,559;0;0,559;3377
202112;TVS;TRAVEL SERVICE / SMARTWINGS;E;TCHEQUIE;13108;0;13108;0,032;0;0,032;117
202112;UAE;EMIRATES;E;EMIRATS ARABES UNIS;77882;4014,7;118029;0,402;0,0207;0,609;260
202112;UAL;UNITED AIRLINES;E;ETATS-UNIS;48597;3479,5;83392;0,321;0,0224;0,545;236
202112;UPS;UPS AIRLINES;E;ETATS-UNIS;0;4499,6;44996;0;0,0089;0,089;95
202112;VLG;VUELING AIRLINES;E;ESPAGNE;294829;1193,2;306761;0,307;0,0013;0,32;2484
202112;VOE;VOLOTEA;E;ESPAGNE;252867;0;252867;0,226;0;0,226;1942
202112;VTA;AIR TAHITI;F;FRANCE (OM);66867;176,3;68630;0,027;0,0001;0,028;1962
202112;WZZ;WIZZ AIR;E;HONGRIE;129282;0;129282;0,178;0;0,178;849
202112;ZZE; AUTRES CIE (E);E;_ZZ_E;257327;11786,5;375192;0,578;0,0448;1,026;14483
202112;ZZF; AUTRES CIE (F);F;_ZZ_F;20331;355,7;23888;0,021;0,0007;0,028;3983
