﻿ANMOIS;CIE;CIE_NOM;CIE_NAT;CIE_PAYS;CIE_PAX;CIE_FRP;CIE_PEQ;CIE_PKT;CIE_TKT;CIE_PEQKT;CIE_VOL
202201;AAL;AMERICAN AIRLINES;E;ETATS-UNIS;27242;1969,4;46936;0,189;0,0141;0,33;254
202201;ABR;ASL AIRLINES IRELAND;E;IRLANDE;0;2275;22750;0;0,0019;0,019;355
202201;ACA;AIR CANADA;E;CANADA;26897;1085;37747;0,152;0,0061;0,213;136
202201;ACI;AIRCALIN;F;FRANCE (OM);12679;423,7;16916;0,08;0,002;0,1;178
202201;AEA;AIR EUROPA;E;ESPAGNE;21466;39,6;21862;0,022;0;0,022;146
202201;AEE;AEGEAN AIRLINES;E;GRECE;14443;67,1;15114;0,029;0,0001;0,03;134
202201;AFL;AEROFLOT;E;RUSSIE (FED. DE);10183;106,6;11249;0,025;0,0003;0,028;104
202201;AFR;AIR FRANCE;F;FRANCE;2197118;39269,4;2589812;7,584;0,2839;10,423;18894
202201;AIC;AIR INDIA;E;INDE;6367;673,9;13106;0,042;0,0044;0,086;44
202201;AMX;AEROMEXICO;E;MEXIQUE;10689;830,9;18998;0,098;0,0077;0,175;54
202201;ANE;AIR NOSTRUM;E;ESPAGNE;33935;0,1;33936;0,026;0;0,026;576
202201;ATG;ATLANT SV AIRCOMPANY;E;UKRAINE;0;1193,7;11937;0;0,0056;0,056;15
202201;AUA;AUSTRIAN AIRLINES;E;AUTRICHE;17123;72,8;17851;0,016;0,0001;0,017;242
202201;BAW;BRITISH AIRWAYS;E;ROYAUME-UNI;34723;156;36283;0,027;0,0001;0,028;459
202201;BCS;EAT/EUROPEAN AIR TRANSP;E;ALLEMAGNE;0;4985;49850;0;0,0034;0,034;734
202201;BEL;BRUSSELS AIRLINES;E;BELGIQUE;32100;2,7;32127;0,019;0;0,019;422
202201;BGA;AIRBUS TRANSPORT INTL;F;FRANCE;0;3714,8;37148;0;0,0034;0,034;192
202201;CCA;AIR CHINA INTL;E;CHINE;2067;2793,1;29998;0,017;0,023;0,247;184
202201;CCM;AIR CORSICA;F;FRANCE;99909;129,3;101202;0,056;0,0001;0,057;1450
202201;CRL;CORSAIR;F;FRANCE;92096;1670,2;108798;0,652;0,0113;0,765;480
202201;CSN;CHINA SOUTHERN AIRLINES;E;CHINE;1134;1463,3;15767;0,011;0,0139;0,15;40
202201;DAH;AIR ALGERIE;E;ALGERIE;52228;576,3;57991;0,072;0,0008;0,08;266
202201;DAL;DELTA AIR LINES;E;ETATS-UNIS;63769;2029,1;84060;0,422;0,0133;0,555;352
202201;DLH;LUFTHANSA;E;ALLEMAGNE;102171;980,1;111972;0,066;0,0005;0,071;1656
202201;EIN;AER LINGUS;E;IRLANDE;18038;60,1;18639;0,017;0;0,017;208
202201;EJU;EASYJET EUROPE;E;AUTRICHE;482458;0,2;482460;0,418;0;0,418;3976
202201;ELY;EL AL;E;ISRAEL;8656;532,3;13979;0,028;0,0018;0,046;63
202201;ETD;ETIHAD AIRWAYS;E;EMIRATS ARABES UNIS;11973;1337,1;25344;0,063;0,007;0,133;96
202201;ETH;ETHIOPIAN AIRLINES;E;ETHIOPIE;16261;845,1;24712;0,09;0,0047;0,137;96
202201;EZS;EASYJET SWITZERLAND;E;SUISSE;139394;0;139394;0,139;0;0,139;1254
202201;EZY;EASYJET R-U;E;ROYAUME-UNI;25831;0;25831;0,017;0;0,017;392
202201;FBU;FRENCH BEE;F;FRANCE;39970;713,8;47108;0,37;0,0064;0,434;148
202201;FDX;FEDEX EXPRESS;E;ETATS-UNIS;0;17518,6;175186;0;0,065;0,65;1352
202201;FIN;FINNAIR;E;FINLANDE;15569;80,3;16372;0,03;0,0002;0,032;177
202201;FPO;ASL AIRLINES FRANCE;F;FRANCE;12128;1038,9;22517;0,018;0,0006;0,024;269
202201;FWI;AIR CARAIBES;F;FRANCE (OM);123432;1246,6;135898;0,73;0,0085;0,815;797
202201;GUY;CAIRE - AIR GUYANE EXPRESS;F;FRANCE (OM);17090;64,6;17736;0,005;0;0,005;1291
202201;IBE;IBERIA;E;ESPAGNE;60654;33,7;60991;0,058;0;0,058;532
202201;IBS;IBERIA EXPRESS;E;ESPAGNE;16834;14,2;16976;0,017;0;0,017;159
202201;ITY;ITALIA TRASPORTO AEREO;E;ITALIE;19019;4,1;19060;0,015;0;0,015;397
202201;JAL;JAPAN AIRLINES;E;JAPON;1840;1198,1;13821;0,018;0,0116;0,134;62
202201;KAL;KOREAN AIR;E;COREE DU SUD;2105;1032,2;12427;0,019;0,0092;0,111;46
202201;KLC;KLM/CITYHOPPER;E;PAYS-BAS;23914;0;23914;0,021;0;0,021;404
202201;KLM;KLM;E;PAYS-BAS;54074;175,6;55830;0,032;0,0001;0,033;677
202201;LAN;LAN AIRLINES;E;CHILI;13106;535,2;18458;0,134;0,0055;0,189;54
202201;LBT;NOUVELAIR;E;TUNISIE;35185;18,7;35372;0,048;0;0,048;296
202201;MAU;AIR MAURITIUS;E;MAURICE;17153;739,4;24547;0,137;0,0053;0,19;186
202201;MEA;MIDDLE EAST AIRLINES;E;LIBAN;11890;87,6;12766;0,038;0,0003;0,041;77
202201;MSR;EGYPT AIR;E;EGYPTE;12496;458,8;17084;0,04;0,0015;0,055;72
202201;PGT;PEGASUS;E;TURQUIE;50327;22,2;50549;0,105;0;0,105;362
202201;QTR;QATAR AIRWAYS;E;QATAR;31999;3913,8;71137;0,159;0,0191;0,35;234
202201;REU;AIR AUSTRAL;F;FRANCE (OM);53456;1159,6;65052;0,341;0,0094;0,435;308
202201;RYR;RYANAIR;E;IRLANDE;381209;4,7;381256;0,424;0;0,424;3361
202201;SAS;SAS;E;SUEDE;13185;33,2;13517;0,019;0;0,019;180
202201;SIA;SINGAPORE AIRLINES;E;SINGAPOUR;9914;1155,6;21470;0,106;0,0124;0,23;62
202201;SRR;STAR AIR DANEMARK;E;DANEMARK;0;2522,1;25221;0;0,0015;0,015;212
202201;SVA;SAUDIA;E;ARABIE SAOUDITE;14559;875,6;23315;0,067;0,004;0,107;127
202201;SWN;WEST AIR SWEDEN;E;SUEDE;5;1383,3;13838;0;0,0008;0,008;179
202201;SWR;SWISS;E;SUISSE;21632;329,8;24930;0,01;0,0002;0,012;339
202201;SZN;AIR SENEGAL;E;SENEGAL;20545;422,5;24770;0,086;0,0018;0,104;113
202201;TAP;TAP AIR PORTUGAL;E;PORTUGAL;64839;64,5;65484;0,089;0,0001;0,09;761
202201;TAR;TUNISAIR;E;TUNISIE;50549;91,2;51461;0,062;0,0001;0,063;433
202201;TAY;ASL AIRLINES BELGIUM;E;BELGIQUE;0;1034,4;10344;0;0,0012;0,012;299
202201;THT;AIR TAHITI NUI;F;FRANCE (OM);15706;593,4;21640;0,154;0,0049;0,203;112
202201;THY;TURKISH AIRLINES;E;TURQUIE;94400;1151,3;105913;0,2;0,0025;0,225;765
202201;TPC;AIR CALEDONIE;F;FRANCE (OM);26061;80,5;26866;0,004;0;0,004;567
202201;TVF;TRANSAVIA FRANCE;F;FRANCE;259403;0;259403;0,364;0;0,364;2176
202201;UAE;EMIRATES;E;EMIRATS ARABES UNIS;54975;2868,9;83664;0,283;0,0148;0,431;262
202201;UAL;UNITED AIRLINES;E;ETATS-UNIS;27787;2421,2;51999;0,178;0,0151;0,329;217
202201;VLG;VUELING AIRLINES;E;ESPAGNE;194308;62,1;194929;0,205;0,0001;0,206;1873
202201;VOE;VOLOTEA;E;ESPAGNE;66936;0,3;66939;0,073;0;0,073;554
202201;VTA;AIR TAHITI;F;FRANCE (OM);52586;105,3;53639;0,021;0,0001;0,022;1711
202201;WZZ;WIZZ AIR;E;HONGRIE;114371;0;114371;0,161;0;0,161;765
202201;ZZE; AUTRES CIE (E);E;_ZZ_E;296509;13152,8;428037;0,681;0,0629;1,31;14023
202201;ZZF; AUTRES CIE (F);F;_ZZ_F;21868;36;22228;0,016;0;0,016;5208
202202;AAL;AMERICAN AIRLINES;E;ETATS-UNIS;27502;2444,8;51950;0,19;0,0174;0,364;216
202202;ABR;ASL AIRLINES IRELAND;E;IRLANDE;0;2051;20510;0;0,0018;0,018;331
202202;ACA;AIR CANADA;E;CANADA;20448;1197,9;32427;0,114;0,0067;0,181;80
202202;ACI;AIRCALIN;F;FRANCE (OM);10631;408,8;14719;0,063;0,0024;0,087;192
202202;AEA;AIR EUROPA;E;ESPAGNE;19788;30,4;20092;0,02;0;0,02;128
202202;AEE;AEGEAN AIRLINES;E;GRECE;13654;78,3;14437;0,028;0,0002;0,03;98
202202;AFL;AEROFLOT;E;RUSSIE (FED. DE);9520;86,7;10387;0,024;0,0002;0,026;92
202202;AFR;AIR FRANCE;F;FRANCE;2196693;42787,2;2624565;7,118;0,3078;10,196;17023
202202;AIC;AIR INDIA;E;INDE;6038;783,7;13875;0,04;0,0052;0,092;40
202202;AMX;AEROMEXICO;E;MEXIQUE;9048;637;15418;0,083;0,0059;0,142;40
202202;ANE;AIR NOSTRUM;E;ESPAGNE;37564;0;37564;0,029;0;0,029;524
202202;ATG;ATLANT SV AIRCOMPANY;E;UKRAINE;0;1217,9;12179;0;0,0057;0,057;14
202202;AUA;AUSTRIAN AIRLINES;E;AUTRICHE;17191;60,8;17799;0,017;0,0001;0,018;194
202202;BAW;BRITISH AIRWAYS;E;ROYAUME-UNI;57910;184,1;59751;0,045;0,0001;0,046;510
202202;BCS;EAT/EUROPEAN AIR TRANSP;E;ALLEMAGNE;2;8950,6;89508;0;0,0066;0,066;738
202202;BEL;BRUSSELS AIRLINES;E;BELGIQUE;27862;3,8;27900;0,016;0;0,016;324
202202;BGA;AIRBUS TRANSPORT INTL;F;FRANCE;0;3486,2;34862;0;0,0033;0,033;178
202202;CCA;AIR CHINA INTL;E;CHINE;879;2973,4;30613;0,007;0,0245;0,252;112
202202;CCM;AIR CORSICA;F;FRANCE;107341;129,7;108638;0,059;0,0001;0,06;1284
202202;CRL;CORSAIR;F;FRANCE;81058;1579,9;96857;0,558;0,0106;0,664;411
202202;CSN;CHINA SOUTHERN AIRLINES;E;CHINE;672;1445,2;15124;0,006;0,0137;0,143;30
202202;DAH;AIR ALGERIE;E;ALGERIE;51766;687;58636;0,072;0,0009;0,081;244
202202;DAL;DELTA AIR LINES;E;ETATS-UNIS;58450;2813,3;86583;0,383;0,0186;0,569;328
202202;DLH;LUFTHANSA;E;ALLEMAGNE;125242;897,1;134213;0,083;0,0005;0,088;1587
202202;EIN;AER LINGUS;E;IRLANDE;26407;50;26907;0,023;0;0,023;212
202202;EJU;EASYJET EUROPE;E;AUTRICHE;860822;0,4;860826;0,768;0;0,768;6116
202202;ELY;EL AL;E;ISRAEL;14877;721,9;22096;0,049;0,0024;0,073;68
202202;ENT;ENTER AIR;E;POLOGNE;10921;0;10921;0,013;0;0,013;68
202202;ETD;ETIHAD AIRWAYS;E;EMIRATS ARABES UNIS;11644;988;21524;0,061;0,0052;0,113;56
202202;ETH;ETHIOPIAN AIRLINES;E;ETHIOPIE;13985;959;23575;0,077;0,0053;0,13;88
202202;EXS;JET2.COM;E;ROYAUME-UNI;21305;3,6;21341;0,019;0;0,019;160
202202;EZS;EASYJET SWITZERLAND;E;SUISSE;217837;0;217837;0,219;0;0,219;1582
202202;EZY;EASYJET R-U;E;ROYAUME-UNI;132809;0;132809;0,094;0;0,094;1019
202202;FBU;FRENCH BEE;F;FRANCE;29104;801,7;37121;0,262;0,007;0,332;106
202202;FDX;FEDEX EXPRESS;E;ETATS-UNIS;12;23965,3;239665;0;0,0879;0,879;1362
202202;FIN;FINNAIR;E;FINLANDE;13842;100,8;14850;0,026;0,0002;0,028;116
202202;FPO;ASL AIRLINES FRANCE;F;FRANCE;12123;809,7;20220;0,017;0,0005;0,022;244
202202;FWI;AIR CARAIBES;F;FRANCE (OM);117093;1216,8;129261;0,678;0,0083;0,761;736
202202;GUY;CAIRE - AIR GUYANE EXPRESS;F;FRANCE (OM);18712;56,9;19281;0,005;0;0,005;1205
202202;IBE;IBERIA;E;ESPAGNE;70129;25,9;70388;0,067;0;0,067;452
202202;IBS;IBERIA EXPRESS;E;ESPAGNE;28854;11,5;28969;0,028;0;0,028;222
202202;ITY;ITALIA TRASPORTO AEREO;E;ITALIE;23072;6,3;23135;0,019;0;0,019;307
202202;JAF;TUIFLY BELGIUM;E;BELGIQUE;14388;0;14388;0,025;0;0,025;135
202202;JAL;JAPAN AIRLINES;E;JAPON;1266;1074,3;12009;0,012;0,0104;0,116;56
202202;KAL;KOREAN AIR;E;COREE DU SUD;2230;919,1;11421;0,02;0,0082;0,102;40
202202;KLC;KLM/CITYHOPPER;E;PAYS-BAS;24876;0;24876;0,022;0;0,022;329
202202;KLM;KLM;E;PAYS-BAS;67716;198,5;69701;0,041;0,0001;0,042;648
202202;LAN;LAN AIRLINES;E;CHILI;10301;578;16081;0,105;0,0058;0,163;48
202202;LBT;NOUVELAIR;E;TUNISIE;28008;16,4;28172;0,038;0;0,038;238
202202;MAC;AIR ARABIA MAROC;E;MAROC;30570;13,2;30702;0,046;0;0,046;284
202202;MAU;AIR MAURITIUS;E;MAURICE;16662;860,9;25271;0,138;0,0064;0,202;106
202202;MNB;MNG AIRLINES;E;TURQUIE;0;1451,8;14518;0;0,002;0,02;24
202202;MSR;EGYPT AIR;E;EGYPTE;13504;517,2;18676;0,043;0,0017;0,06;70
202202;PGT;PEGASUS;E;TURQUIE;54401;35,7;54758;0,114;0,0001;0,115;330
202202;QTR;QATAR AIRWAYS;E;QATAR;41839;4458,1;86420;0,208;0,0214;0,422;258
202202;RAM;ROYAL AIR MAROC;E;MAROC;92676;172,1;94397;0,169;0,0003;0,172;794
202202;REU;AIR AUSTRAL;F;FRANCE (OM);35465;958,1;45046;0,212;0,0075;0,287;221
202202;RYR;RYANAIR;E;IRLANDE;629012;7,6;629088;0,7;0;0,7;4485
202202;SAS;SAS;E;SUEDE;18759;19,2;18951;0,026;0;0,026;192
202202;SIA;SINGAPORE AIRLINES;E;SINGAPOUR;8220;1024,2;18462;0,088;0,011;0,198;56
202202;SRR;STAR AIR DANEMARK;E;DANEMARK;0;2288,8;22888;0;0,0014;0,014;202
202202;SVA;SAUDIA;E;ARABIE SAOUDITE;12504;904,2;21546;0,056;0,0041;0,097;97
202202;SWN;WEST AIR SWEDEN;E;SUEDE;2;1375,8;13760;0;0,0008;0,008;175
202202;SWR;SWISS;E;SUISSE;28907;295,3;31860;0,013;0,0001;0,014;291
202202;SWT;SWIFTAIR ESPAGNE;E;ESPAGNE;0;1058,3;10583;0;0,0007;0,007;242
202202;SZN;AIR SENEGAL;E;SENEGAL;17658;377,2;21430;0,074;0,0016;0,09;92
202202;TAP;TAP AIR PORTUGAL;E;PORTUGAL;70891;66,2;71553;0,096;0,0001;0,097;692
202202;TAR;TUNISAIR;E;TUNISIE;61540;161;63150;0,075;0,0002;0,077;528
202202;TAY;ASL AIRLINES BELGIUM;E;BELGIQUE;0;1159;11590;0;0,0014;0,014;284
202202;THT;AIR TAHITI NUI;F;FRANCE (OM);12165;664,6;18811;0,116;0,0054;0,17;88
202202;THY;TURKISH AIRLINES;E;TURQUIE;105645;1484,5;120490;0,223;0,0033;0,256;696
202202;TOM;TUI AIRWAYS;E;ROYAUME-UNI;28840;9,8;28938;0,027;0;0,027;171
202202;TPC;AIR CALEDONIE;F;FRANCE (OM);18868;47,2;19340;0,003;0;0,003;452
202202;TVF;TRANSAVIA FRANCE;F;FRANCE;473478;1,3;473491;0,688;0;0,688;3573
202202;TVS;TRAVEL SERVICE / SMARTWINGS;E;TCHEQUIE;14200;0;14200;0,035;0;0,035;115
202202;UAE;EMIRATES;E;EMIRATS ARABES UNIS;74909;3253,8;107447;0,386;0,0167;0,553;242
202202;UAL;UNITED AIRLINES;E;ETATS-UNIS;26928;2640;53328;0,17;0,0166;0,336;196
202202;VLG;VUELING AIRLINES;E;ESPAGNE;215735;54,8;216283;0,223;0,0001;0,224;1603
202202;VOE;VOLOTEA;E;ESPAGNE;99544;0;99544;0,112;0;0,112;740
202202;VTA;AIR TAHITI;F;FRANCE (OM);46308;107,3;47381;0,017;0,0001;0,018;1420
202202;WZZ;WIZZ AIR;E;HONGRIE;97948;0;97948;0,137;0;0,137;560
202202;ZZE; AUTRES CIE (E);E;_ZZ_E;259137;10136,8;360505;0,564;0,0512;1,076;13507
202202;ZZF; AUTRES CIE (F);F;_ZZ_F;23241;52;23761;0,015;0,0001;0,016;5530
202203;AAL;AMERICAN AIRLINES;E;ETATS-UNIS;41035;2562,8;66663;0,277;0,0181;0,458;252
202203;ABR;ASL AIRLINES IRELAND;E;IRLANDE;1;2354,2;23543;0;0,0021;0,021;326
202203;ACA;AIR CANADA;E;CANADA;31576;1522,6;46802;0,18;0,0087;0,267;120
202203;ACI;AIRCALIN;F;FRANCE (OM);10888;354,2;14430;0,055;0,0015;0,07;171
202203;AEA;AIR EUROPA;E;ESPAGNE;24351;59;24941;0,025;0,0001;0,026;162
202203;AEE;AEGEAN AIRLINES;E;GRECE;20449;80,9;21258;0,042;0,0002;0,044;143
202203;AFR;AIR FRANCE;F;FRANCE;2817953;48814,2;3306095;8,724;0,3497;12,221;21025
202203;AIC;AIR INDIA;E;INDE;8638;774,1;16379;0,057;0,0051;0,108;48
202203;AMC;AIR MALTA;E;MALTE;14325;36,8;14693;0,023;0,0001;0,024;104
202203;AMX;AEROMEXICO;E;MEXIQUE;13450;809,6;21546;0,124;0,0075;0,199;58
202203;ANE;AIR NOSTRUM;E;ESPAGNE;45259;0;45259;0,035;0;0,035;639
202203;ASL;AIR SERBIA;E;SERBIE;9699;52,9;10228;0,014;0,0001;0,015;102
202203;ATG;ATLANT SV AIRCOMPANY;E;UKRAINE;0;1655,3;16553;0;0,0077;0,077;17
202203;AUA;AUSTRIAN AIRLINES;E;AUTRICHE;29011;72,5;29736;0,028;0,0001;0,029;311
202203;BAW;BRITISH AIRWAYS;E;ROYAUME-UNI;110234;368,2;113916;0,082;0,0001;0,083;1000
202203;BCS;EAT/EUROPEAN AIR TRANSP;E;ALLEMAGNE;22;12808,1;128103;0;0,0097;0,097;856
202203;BEL;BRUSSELS AIRLINES;E;BELGIQUE;44064;11,2;44176;0,029;0;0,029;503
202203;BGA;AIRBUS TRANSPORT INTL;F;FRANCE;0;3892;38920;0;0,0037;0,037;202
202203;BTI;AIR BALTIC;E;LETTONIE;9547;80,3;10350;0,016;0,0001;0,017;136
202203;CCA;AIR CHINA INTL;E;CHINE;432;4824,9;48681;0,004;0,0397;0,401;165
202203;CCM;AIR CORSICA;F;FRANCE;125231;156,2;126793;0,068;0,0001;0,069;1503
202203;CRL;CORSAIR;F;FRANCE;96795;1916,7;115962;0,67;0,0126;0,796;457
202203;CSN;CHINA SOUTHERN AIRLINES;E;CHINE;1018;1869,3;19711;0,01;0,0177;0,187;36
202203;DAH;AIR ALGERIE;E;ALGERIE;58674;986,9;68543;0,082;0,0013;0,095;287
202203;DAL;DELTA AIR LINES;E;ETATS-UNIS;110622;3881,5;149437;0,739;0,0257;0,996;497
202203;DLH;LUFTHANSA;E;ALLEMAGNE;159921;1230,7;172228;0,105;0,0007;0,112;2030
202203;EIN;AER LINGUS;E;IRLANDE;36673;52;37193;0,032;0;0,032;267
202203;EJU;EASYJET EUROPE;E;AUTRICHE;1148859;0;1148859;1,035;0;1,035;8064
202203;ELY;EL AL;E;ISRAEL;30261;849,8;38759;0,098;0,0028;0,126;164
202203;ENT;ENTER AIR;E;POLOGNE;13235;0;13235;0,017;0;0,017;89
202203;ETD;ETIHAD AIRWAYS;E;EMIRATS ARABES UNIS;17431;1089,7;28328;0,092;0,0057;0,149;63
202203;ETH;ETHIOPIAN AIRLINES;E;ETHIOPIE;13470;1107,2;24542;0,075;0,006;0,135;100
202203;EVA;EVA AIR;E;TAIWAN;438;958,6;10024;0,004;0,0094;0,098;37
202203;EWG;EUROWINGS;E;ALLEMAGNE;15748;0;15748;0,012;0;0,012;244
202203;EXS;JET2.COM;E;ROYAUME-UNI;24956;5,4;25010;0,023;0;0,023;164
202203;EZS;EASYJET SWITZERLAND;E;SUISSE;286165;0;286165;0,288;0;0,288;2226
202203;EZY;EASYJET R-U;E;ROYAUME-UNI;185377;0;185377;0,13;0;0,13;1457
202203;FBU;FRENCH BEE;F;FRANCE;36596;980;46396;0,328;0,0086;0,414;131
202203;FDX;FEDEX EXPRESS;E;ETATS-UNIS;0;42191,6;421916;0;0,154;1,54;1609
202203;FIN;FINNAIR;E;FINLANDE;22327;80,4;23131;0,043;0,0002;0,045;265
202203;FPO;ASL AIRLINES FRANCE;F;FRANCE;12559;1016,8;22727;0,018;0,0006;0,024;246
202203;FWI;AIR CARAIBES;F;FRANCE (OM);133509;1501;148519;0,777;0,0102;0,879;863
202203;GUY;CAIRE - AIR GUYANE EXPRESS;F;FRANCE (OM);22178;62,9;22807;0,006;0;0,006;1499
202203;IBE;IBERIA;E;ESPAGNE;76227;33,3;76560;0,075;0;0,075;486
202203;IBS;IBERIA EXPRESS;E;ESPAGNE;33290;15;33440;0,032;0;0,032;249
202203;ICE;ICELANDAIR;E;ISLANDE;9696;54,6;10242;0,022;0,0001;0,023;62
202203;ITY;ITALIA TRASPORTO AEREO;E;ITALIE;32948;8;33028;0,027;0;0,027;404
202203;JAF;TUIFLY BELGIUM;E;BELGIQUE;36153;0,3;36156;0,068;0;0,068;314
202203;KAL;KOREAN AIR;E;COREE DU SUD;2887;1064,8;13535;0,026;0,0095;0,121;48
202203;KLC;KLM/CITYHOPPER;E;PAYS-BAS;28909;0;28909;0,026;0;0,026;368
202203;KLM;KLM;E;PAYS-BAS;88962;195,8;90920;0,056;0,0001;0,057;811
202203;KQA;KENYA AIRWAYS;E;KENYA;6311;401;10321;0,032;0,0024;0,056;70
202203;LAN;LAN AIRLINES;E;CHILI;10715;622,9;16944;0,111;0,0064;0,175;44
202203;LBT;NOUVELAIR;E;TUNISIE;31268;18;31448;0,043;0;0,043;252
202203;LOT;LOT POLISH AIRLINES;E;POLOGNE;12374;85,2;13226;0,017;0,0001;0,018;158
202203;MAC;AIR ARABIA MAROC;E;MAROC;40688;11,2;40800;0,062;0;0,062;395
202203;MAU;AIR MAURITIUS;E;MAURICE;26245;1034,6;36591;0,163;0,0075;0,238;228
202203;MEA;MIDDLE EAST AIRLINES;E;LIBAN;10615;158,7;12202;0,034;0,0005;0,039;62
202203;MNB;MNG AIRLINES;E;TURQUIE;0;1512,3;15123;0;0,0019;0,019;25
202203;MSR;EGYPT AIR;E;EGYPTE;17812;558,8;23400;0,057;0,0018;0,075;82
202203;NSZ;NORWEGIAN AIR SWEDEN AOC;E;SUEDE;12052;0;12052;0,018;0;0,018;88
202203;PGT;PEGASUS;E;TURQUIE;58568;25;58818;0,123;0,0001;0,124;354
202203;QTR;QATAR AIRWAYS;E;QATAR;53660;5116,1;104821;0,267;0,0249;0,516;325
202203;RAM;ROYAL AIR MAROC;E;MAROC;129693;312,4;132817;0,238;0,0006;0,244;1102
202203;REU;AIR AUSTRAL;F;FRANCE (OM);49576;1178,7;61363;0,258;0,0096;0,354;340
202203;ROT;TAROM;E;ROUMANIE;10848;28,4;11132;0,02;0,0001;0,021;96
202203;RYR;RYANAIR;E;IRLANDE;778279;14,2;778421;0,893;0;0,893;5538
202203;SAS;SAS;E;SUEDE;31479;27,2;31751;0,043;0;0,043;310
202203;SIA;SINGAPORE AIRLINES;E;SINGAPOUR;12152;1189,9;24051;0,13;0,0128;0,258;62
202203;SRR;STAR AIR DANEMARK;E;DANEMARK;0;2889,8;28898;0;0,0017;0,017;230
202203;SVA;SAUDIA;E;ARABIE SAOUDITE;19806;1161,5;31421;0,09;0,0053;0,143;109
202203;SWN;WEST AIR SWEDEN;E;SUEDE;7;1492,7;14934;0;0,0009;0,009;201
202203;SWR;SWISS;E;SUISSE;35538;349,4;39032;0,017;0,0002;0,019;393
202203;SWT;SWIFTAIR ESPAGNE;E;ESPAGNE;0;1287;12870;0;0,0009;0,009;298
202203;SZN;AIR SENEGAL;E;SENEGAL;18428;493,7;23365;0,077;0,0021;0,098;101
202203;TAP;TAP AIR PORTUGAL;E;PORTUGAL;80283;72,7;81010;0,109;0,0001;0,11;791
202203;TAR;TUNISAIR;E;TUNISIE;74187;146,3;75650;0,091;0,0002;0,093;603
202203;TAY;ASL AIRLINES BELGIUM;E;BELGIQUE;0;1170,7;11707;0;0,0013;0,013;307
202203;THT;AIR TAHITI NUI;F;FRANCE (OM);17309;804,9;25358;0,164;0,0068;0,232;101
202203;THY;TURKISH AIRLINES;E;TURQUIE;120943;1779;138733;0,255;0,0039;0,294;770
202203;TOM;TUI AIRWAYS;E;ROYAUME-UNI;26969;13,3;27102;0,026;0;0,026;148
202203;TPC;AIR CALEDONIE;F;FRANCE (OM);25436;90,1;26337;0,004;0;0,004;566
202203;TRA;TRANSAVIA PAYS BAS;E;PAYS-BAS;12125;0;12125;0,011;0;0,011;108
202203;TSC;AIR TRANSAT;E;CANADA;11089;5,2;11141;0,057;0;0,057;78
202203;TVF;TRANSAVIA FRANCE;F;FRANCE;673732;1,9;673751;0,99;0;0,99;4964
202203;UAE;EMIRATES;E;EMIRATS ARABES UNIS;85325;3306,7;118392;0,439;0,017;0,609;268
202203;UAL;UNITED AIRLINES;E;ETATS-UNIS;51961;3611,7;88078;0,346;0,0242;0,588;268
202203;UPS;UPS AIRLINES;E;ETATS-UNIS;0;1103,8;11038;0;0,0031;0,031;92
202203;VLG;VUELING AIRLINES;E;ESPAGNE;295887;84,1;296728;0,304;0,0001;0,305;2154
202203;VOE;VOLOTEA;E;ESPAGNE;93697;0,7;93704;0,113;0;0,113;693
202203;VTA;AIR TAHITI;F;FRANCE (OM);54160;138,3;55543;0,02;0,0001;0,021;1619
202203;WIA;WINAIR (ANTILLES);E;PAYS-BAS (ANTILLES);10648;0;10648;0;0;0;1120
202203;WZZ;WIZZ AIR;E;HONGRIE;127044;0;127044;0,173;0;0,173;773
202203;ZZE; AUTRES CIE (E);E;_ZZ_E;223747;7677,9;300526;0,551;0,0327;0,878;14180
202203;ZZF; AUTRES CIE (F);F;_ZZ_F;33422;81,8;34240;0,025;0;0,025;6558
202204;AAL;AMERICAN AIRLINES;E;ETATS-UNIS;50164;2683,1;76995;0,329;0,0182;0,511;263
202204;ABR;ASL AIRLINES IRELAND;E;IRLANDE;18;1963,3;19651;0;0,0017;0,017;282
202204;ACA;AIR CANADA;E;CANADA;43248;1710,7;60355;0,248;0,0098;0,346;136
202204;ACI;AIRCALIN;F;FRANCE (OM);18694;390,5;22599;0,074;0,0018;0,092;258
202204;AEA;AIR EUROPA;E;ESPAGNE;28640;57;29210;0,029;0,0001;0,03;198
202204;AEE;AEGEAN AIRLINES;E;GRECE;42862;78,8;43650;0,089;0,0002;0,091;321
202204;AFR;AIR FRANCE;F;FRANCE;3174310;44759,1;3621901;9,8;0,3149;12,949;21967
202204;AIC;AIR INDIA;E;INDE;11109;526,1;16370;0,073;0,0035;0,108;59
202204;AMC;AIR MALTA;E;MALTE;26446;23;26676;0,044;0;0,044;175
202204;AMX;AEROMEXICO;E;MEXIQUE;14976;665,7;21633;0,138;0,0061;0,199;60
202204;ANE;AIR NOSTRUM;E;ESPAGNE;64021;0,1;64022;0,049;0;0,049;868
202204;ASL;AIR SERBIA;E;SERBIE;12343;20,3;12546;0,018;0;0,018;112
202204;AUA;AUSTRIAN AIRLINES;E;AUTRICHE;52920;64,8;53568;0,051;0,0001;0,052;463
202204;BAW;BRITISH AIRWAYS;E;ROYAUME-UNI;177385;417,3;181558;0,139;0,0001;0,14;1481
202204;BCS;EAT/EUROPEAN AIR TRANSP;E;ALLEMAGNE;4;11829,5;118299;0;0,009;0,09;768
202204;BEL;BRUSSELS AIRLINES;E;BELGIQUE;62228;9,9;62327;0,043;0;0,043;594
202204;BGA;AIRBUS TRANSPORT INTL;F;FRANCE;0;3686;36860;0;0,0034;0,034;187
202204;BLA;BLUE AIR AVIATION;E;ROUMANIE;16802;2,8;16830;0,029;0;0,029;122
202204;BTI;AIR BALTIC;E;LETTONIE;15815;95,7;16772;0,028;0,0002;0,03;170
202204;CCA;AIR CHINA INTL;E;CHINE;694;4867,7;49371;0,006;0,04;0,406;174
202204;CCM;AIR CORSICA;F;FRANCE;149608;137,6;150984;0,088;0,0001;0,089;1753
202204;CRL;CORSAIR;F;FRANCE;105979;1740,9;123388;0,741;0,0118;0,859;463
202204;CSN;CHINA SOUTHERN AIRLINES;E;CHINE;1692;2140,7;23099;0,016;0,0203;0,219;42
202204;CXI;CORENDON AIRLINES EUROPE;E;MALTE;14305;0;14305;0,037;0;0,037;107
202204;DAH;AIR ALGERIE;E;ALGERIE;76987;853,7;85524;0,098;0,0011;0,109;558
202204;DAL;DELTA AIR LINES;E;ETATS-UNIS;139966;3369,4;173660;0,939;0,0222;1,161;573
202204;DLH;LUFTHANSA;E;ALLEMAGNE;252121;1234;264461;0,166;0,0007;0,173;2549
202204;EIN;AER LINGUS;E;IRLANDE;62932;52,7;63459;0,062;0;0,062;457
202204;EJU;EASYJET EUROPE;E;AUTRICHE;1292119;1,3;1292132;1,213;0;1,213;8516
202204;ELY;EL AL;E;ISRAEL;33329;964,3;42972;0,107;0,0032;0,139;194
202204;ENT;ENTER AIR;E;POLOGNE;31924;0;31924;0,054;0;0,054;238
202204;ETD;ETIHAD AIRWAYS;E;EMIRATS ARABES UNIS;15196;1157,1;26767;0,08;0,0061;0,141;63
202204;ETH;ETHIOPIAN AIRLINES;E;ETHIOPIE;15895;939,9;25294;0,088;0,0052;0,14;96
202204;EWG;EUROWINGS;E;ALLEMAGNE;29717;0;29717;0,025;0;0,025;340
202204;EXS;JET2.COM;E;ROYAUME-UNI;19601;2,2;19623;0,018;0;0,018;140
202204;EZS;EASYJET SWITZERLAND;E;SUISSE;369448;0;369448;0,332;0;0,332;2617
202204;EZY;EASYJET R-U;E;ROYAUME-UNI;251586;0;251586;0,192;0;0,192;1819
202204;FBU;FRENCH BEE;F;FRANCE;44278;807,6;52354;0,397;0,0067;0,464;150
202204;FDX;FEDEX EXPRESS;E;ETATS-UNIS;0;26148,2;261482;0;0,0873;0,873;2237
202204;FIN;FINNAIR;E;FINLANDE;23747;52,4;24271;0,046;0,0001;0,047;195
202204;FPO;ASL AIRLINES FRANCE;F;FRANCE;12169;1035;22519;0,019;0,0006;0,025;303
202204;FWI;AIR CARAIBES;F;FRANCE (OM);153256;1516,9;168425;0,888;0,0102;0,99;916
202204;GPX;GP AVIATION LTD.;E;BULGARIE;13096;0;13096;0,016;0;0,016;104
202204;GUY;CAIRE - AIR GUYANE EXPRESS;F;FRANCE (OM);28184;61,8;28802;0,008;0;0,008;1568
202204;IBE;IBERIA;E;ESPAGNE;71728;31,6;72044;0,073;0;0,073;432
202204;IBS;IBERIA EXPRESS;E;ESPAGNE;31560;15,5;31715;0,029;0;0,029;240
202204;ICE;ICELANDAIR;E;ISLANDE;12100;42,8;12528;0,027;0,0001;0,028;76
202204;ITY;ITALIA TRASPORTO AEREO;E;ITALIE;45126;7,9;45205;0,037;0;0,037;467
202204;JAF;TUIFLY BELGIUM;E;BELGIQUE;29457;0;29457;0,056;0;0,056;252
202204;KAL;KOREAN AIR;E;COREE DU SUD;5326;835,7;13683;0,048;0,0068;0,116;47
202204;KLC;KLM/CITYHOPPER;E;PAYS-BAS;24610;0;24610;0,022;0;0,022;286
202204;KLM;KLM;E;PAYS-BAS;105535;150,9;107044;0,072;0,0001;0,073;909
202204;LAN;LAN AIRLINES;E;CHILI;11364;602,7;17391;0,113;0,006;0,173;44
202204;LBT;NOUVELAIR;E;TUNISIE;62726;22,2;62948;0,093;0;0,093;516
202204;LGL;LUXAIR;E;LUXEMBOURG;17428;0,1;17429;0,009;0;0,009;335
202204;LOT;LOT POLISH AIRLINES;E;POLOGNE;16104;96,1;17065;0,022;0,0001;0,023;156
202204;MAC;AIR ARABIA MAROC;E;MAROC;26760;8,2;26842;0,041;0;0,041;314
202204;MAU;AIR MAURITIUS;E;MAURICE;33849;1234,8;46197;0,242;0,009;0,332;248
202204;MEA;MIDDLE EAST AIRLINES;E;LIBAN;13534;199,1;15525;0,043;0,0006;0,049;90
202204;MNB;MNG AIRLINES;E;TURQUIE;0;1693,7;16937;0;0,0024;0,024;28
202204;MSR;EGYPT AIR;E;EGYPTE;14657;664,7;21304;0,047;0,0021;0,068;88
202204;NOZ;NORWEGIAN AIR SHUTTLE AOC AS;E;NORVEGE;18795;1;18805;0,03;0;0,03;124
202204;NSZ;NORWEGIAN AIR SWEDEN AOC;E;SUEDE;34005;0;34005;0,052;0;0,052;228
202204;PGT;PEGASUS;E;TURQUIE;55086;21,9;55305;0,115;0;0,115;386
202204;QTR;QATAR AIRWAYS;E;QATAR;40419;5141,9;91838;0,201;0,0247;0,448;314
202204;RAM;ROYAL AIR MAROC;E;MAROC;110940;206;113000;0,205;0,0004;0,209;1030
202204;REU;AIR AUSTRAL;F;FRANCE (OM);57289;1348,9;70778;0,312;0,0111;0,423;377
202204;ROT;TAROM;E;ROUMANIE;12215;13,5;12350;0,023;0;0,023;112
202204;RYR;RYANAIR;E;IRLANDE;1083741;15,5;1083896;1,2;0;1,2;7137
202204;SAS;SAS;E;SUEDE;43691;50,9;44200;0,062;0,0001;0,063;365
202204;SEH;SKY EXPRESS;E;GRECE;15462;5,3;15515;0,035;0;0,035;114
202204;SIA;SINGAPORE AIRLINES;E;SINGAPOUR;13278;1198,8;25266;0,143;0,0129;0,272;60
202204;SRR;STAR AIR DANEMARK;E;DANEMARK;0;2407,4;24074;0;0,0015;0,015;201
202204;SVA;SAUDIA;E;ARABIE SAOUDITE;18503;1002,8;28531;0,083;0,0046;0,129;108
202204;SWN;WEST AIR SWEDEN;E;SUEDE;5;1411,4;14119;0;0,0008;0,008;181
202204;SWR;SWISS;E;SUISSE;51568;341,6;54984;0,026;0,0002;0,028;555
202204;SXS;SUNEXPRESS;E;TURQUIE;22270;0;22270;0,051;0;0,051;164
202204;SZN;AIR SENEGAL;E;SENEGAL;16078;343,8;19516;0,067;0,0015;0,082;99
202204;TAP;TAP AIR PORTUGAL;E;PORTUGAL;111182;107,8;112260;0,151;0,0002;0,153;994
202204;TAR;TUNISAIR;E;TUNISIE;81560;153,6;83096;0,102;0,0002;0,104;704
202204;THA;THAI AIRWAYS INTL;E;THAILANDE;11812;702,6;18838;0,112;0,0066;0,178;60
202204;THT;AIR TAHITI NUI;F;FRANCE (OM);25512;749,4;33006;0,257;0,0064;0,321;152
202204;THY;TURKISH AIRLINES;E;TURQUIE;138763;2112,6;159889;0,292;0,0047;0,339;988
202204;TOM;TUI AIRWAYS;E;ROYAUME-UNI;10239;6,6;10305;0,009;0;0,009;60
202204;TPC;AIR CALEDONIE;F;FRANCE (OM);34851;84;35691;0,006;0;0,006;686
202204;TRA;TRANSAVIA PAYS BAS;E;PAYS-BAS;23750;0;23750;0,021;0;0,021;203
202204;TSC;AIR TRANSAT;E;CANADA;17558;73,6;18294;0,092;0,0004;0,096;92
202204;TVF;TRANSAVIA FRANCE;F;FRANCE;827322;1,3;827335;1,183;0;1,183;6058
202204;TVS;TRAVEL SERVICE / SMARTWINGS;E;TCHEQUIE;19340;0;19340;0,043;0;0,043;145
202204;UAE;EMIRATES;E;EMIRATS ARABES UNIS;63308;2475,9;88067;0,325;0,0127;0,452;255
202204;UAL;UNITED AIRLINES;E;ETATS-UNIS;62228;3042;92648;0,418;0,0204;0,622;266
202204;VLG;VUELING AIRLINES;E;ESPAGNE;461877;190,1;463778;0,46;0,0002;0,462;3319
202204;VOE;VOLOTEA;E;ESPAGNE;360534;1,1;360545;0,376;0;0,376;2622
202204;VTA;AIR TAHITI;F;FRANCE (OM);81193;128,4;82477;0,029;0,0001;0,03;1997
202204;WIA;WINAIR (ANTILLES);E;PAYS-BAS (ANTILLES);10174;0;10174;0;0;0;1142
202204;WZZ;WIZZ AIR;E;HONGRIE;198945;0;198945;0,261;0;0,261;1164
202204;ZZE; AUTRES CIE (E);E;_ZZ_E;212112;9170,6;303818;0,584;0,0443;1,027;13196
202204;ZZF; AUTRES CIE (F);F;_ZZ_F;30296;58,5;30881;0,024;0;0,024;5052
202205;AAL;AMERICAN AIRLINES;E;ETATS-UNIS;55695;2455,6;80251;0,366;0,0164;0,53;263
202205;ABR;ASL AIRLINES IRELAND;E;IRLANDE;4;2862,9;28633;0;0,0026;0,026;298
202205;ACA;AIR CANADA;E;CANADA;52338;1339;65728;0,302;0,0077;0,379;148
202205;ACI;AIRCALIN;F;FRANCE (OM);18959;406,4;23023;0,084;0,0022;0,106;223
202205;AEA;AIR EUROPA;E;ESPAGNE;32908;439,3;37301;0,034;0,0005;0,039;206
202205;AEE;AEGEAN AIRLINES;E;GRECE;71930;101,1;72941;0,152;0,0002;0,154;509
202205;AFR;AIR FRANCE;F;FRANCE;3525068;44756,8;3972636;10,501;0,3184;13,685;24070
202205;AIC;AIR INDIA;E;INDE;10865;647;17335;0,071;0,0043;0,114;62
202205;AMC;AIR MALTA;E;MALTE;26169;16,3;26332;0,043;0;0,043;177
202205;AMX;AEROMEXICO;E;MEXIQUE;14870;469,8;19568;0,137;0,0043;0,18;62
202205;ANE;AIR NOSTRUM;E;ESPAGNE;69614;0,2;69616;0,054;0;0,054;897
202205;ASL;AIR SERBIA;E;SERBIE;14290;19,3;14483;0,02;0;0,02;116
202205;AUA;AUSTRIAN AIRLINES;E;AUTRICHE;62810;78,3;63593;0,06;0,0001;0,061;528
202205;BAW;BRITISH AIRWAYS;E;ROYAUME-UNI;184996;426,7;189263;0,148;0,0002;0,15;1533
202205;BCS;EAT/EUROPEAN AIR TRANSP;E;ALLEMAGNE;28;12346,4;123492;0;0,0095;0,095;815
202205;BEL;BRUSSELS AIRLINES;E;BELGIQUE;68494;7,5;68569;0,047;0;0,047;617
202205;BGA;AIRBUS TRANSPORT INTL;F;FRANCE;0;3682,9;36829;0;0,0035;0,035;191
202205;BLA;BLUE AIR AVIATION;E;ROUMANIE;14588;2,7;14615;0,025;0;0,025;100
202205;BTI;AIR BALTIC;E;LETTONIE;18045;104,7;19092;0,032;0,0002;0,034;168
202205;CCA;AIR CHINA INTL;E;CHINE;0;5926,9;59269;0;0,0486;0,486;122
202205;CCM;AIR CORSICA;F;FRANCE;184832;137,9;186211;0,111;0,0001;0,112;1955
202205;CHH;HAINAN AIRLINES;E;CHINE;0;1067,6;10676;0;0,0091;0,091;32
202205;CRL;CORSAIR;F;FRANCE;82968;1612,8;99096;0,568;0,0112;0,68;366
202205;CSN;CHINA SOUTHERN AIRLINES;E;CHINE;935;2230,8;23243;0,009;0,0211;0,22;44
202205;CTN;CROATIA AIRLINES;E;CROATIE;13357;24,2;13599;0,016;0;0,016;140
202205;CXI;CORENDON AIRLINES EUROPE;E;MALTE;13908;0;13908;0,033;0;0,033;130
202205;DAH;AIR ALGERIE;E;ALGERIE;118018;414,3;122161;0,15;0,0005;0,155;691
202205;DAL;DELTA AIR LINES;E;ETATS-UNIS;152860;3357;186430;1,028;0,0224;1,252;620
202205;DLH;LUFTHANSA;E;ALLEMAGNE;291403;1225,2;303655;0,192;0,0007;0,199;2805
202205;EIN;AER LINGUS;E;IRLANDE;71214;39,6;71610;0,07;0;0,07;537
202205;EJU;EASYJET EUROPE;E;AUTRICHE;1407699;0;1407699;1,322;0;1,322;9130
202205;ELY;EL AL;E;ISRAEL;38208;739,3;45601;0,122;0,0024;0,146;216
202205;ENT;ENTER AIR;E;POLOGNE;39891;0;39891;0,059;0;0,059;313
202205;ETD;ETIHAD AIRWAYS;E;EMIRATS ARABES UNIS;17720;1338;31100;0,093;0,007;0,163;68
202205;ETH;ETHIOPIAN AIRLINES;E;ETHIOPIE;15804;788,1;23685;0,088;0,0044;0,132;96
202205;EVA;EVA AIR;E;TAIWAN;1112;900,7;10119;0,011;0,0088;0,099;40
202205;EWG;EUROWINGS;E;ALLEMAGNE;43388;0;43388;0,039;0;0,039;454
202205;EZS;EASYJET SWITZERLAND;E;SUISSE;369097;0;369097;0,332;0;0,332;2595
202205;EZY;EASYJET R-U;E;ROYAUME-UNI;242163;0;242163;0,187;0;0,187;1849
202205;FBU;FRENCH BEE;F;FRANCE;54060;793,1;61991;0,476;0,0069;0,545;187
202205;FDX;FEDEX EXPRESS;E;ETATS-UNIS;0;56242,8;562428;0;0,1787;1,787;2280
202205;FIN;FINNAIR;E;FINLANDE;31412;49,9;31911;0,061;0,0001;0,062;337
202205;FPO;ASL AIRLINES FRANCE;F;FRANCE;26251;1004,2;36293;0,034;0,0006;0,04;401
202205;FWI;AIR CARAIBES;F;FRANCE (OM);106078;1304,1;119119;0,568;0,0089;0,657;790
202205;GUY;CAIRE - AIR GUYANE EXPRESS;F;FRANCE (OM);25174;72,1;25895;0,007;0;0,007;1537
202205;HVN;VIETNAM AIRLINES;E;VIETNAM;3452;1243,7;15889;0,033;0,0115;0,148;47
202205;IBE;IBERIA;E;ESPAGNE;77558;30,9;77867;0,079;0;0,079;468
202205;IBS;IBERIA EXPRESS;E;ESPAGNE;41917;15,3;42070;0,04;0;0,04;280
202205;ICE;ICELANDAIR;E;ISLANDE;17534;39,1;17925;0,039;0,0001;0,04;102
202205;ITY;ITALIA TRASPORTO AEREO;E;ITALIE;56043;5,6;56099;0,046;0;0,046;548
202205;JAF;TUIFLY BELGIUM;E;BELGIQUE;62046;0,1;62047;0,118;0;0,118;493
202205;KAL;KOREAN AIR;E;COREE DU SUD;8442;1261,8;21060;0,075;0,0094;0,169;51
202205;KLC;KLM/CITYHOPPER;E;PAYS-BAS;30522;0;30522;0,026;0;0,026;347
202205;KLM;KLM;E;PAYS-BAS;123543;155,5;125098;0,088;0,0001;0,089;998
202205;LAN;LAN AIRLINES;E;CHILI;12642;673,6;19378;0,13;0,0069;0,199;51
202205;LBT;NOUVELAIR;E;TUNISIE;76420;13,3;76553;0,11;0;0,11;571
202205;LGL;LUXAIR;E;LUXEMBOURG;20391;0;20391;0,012;0;0,012;372
202205;LOT;LOT POLISH AIRLINES;E;POLOGNE;24940;84,7;25787;0,034;0,0001;0,035;238
202205;MAC;AIR ARABIA MAROC;E;MAROC;37089;8,4;37173;0,057;0;0,057;346
202205;MAU;AIR MAURITIUS;E;MAURICE;36020;1041,9;46439;0,181;0,0071;0,252;249
202205;MEA;MIDDLE EAST AIRLINES;E;LIBAN;15959;176,5;17724;0,051;0,0006;0,057;102
202205;MNB;MNG AIRLINES;E;TURQUIE;0;1028,3;10283;0;0,0014;0,014;17
202205;MSR;EGYPT AIR;E;EGYPTE;16343;487,8;21221;0,053;0,0016;0,069;83
202205;NOZ;NORWEGIAN AIR SHUTTLE AOC AS;E;NORVEGE;21017;0,8;21025;0,034;0;0,034;132
202205;NSZ;NORWEGIAN AIR SWEDEN AOC;E;SUEDE;46598;0,1;46599;0,07;0;0,07;302
202205;OMA;OMAN AIR;E;OMAN;6715;532,9;12044;0,037;0,003;0,067;36
202205;PGT;PEGASUS;E;TURQUIE;68181;32,6;68507;0,145;0,0001;0,146;395
202205;QTR;QATAR AIRWAYS;E;QATAR;50159;6770,1;117860;0,25;0,0331;0,581;297
202205;RAM;ROYAL AIR MAROC;E;MAROC;130989;296,2;133951;0,241;0,0006;0,247;1191
202205;REU;AIR AUSTRAL;F;FRANCE (OM);69541;1124,1;80782;0,348;0,0094;0,442;422
202205;RJA;ROYAL JORDANIAN;E;JORDANIE;9757;62,4;10381;0,033;0,0002;0,035;62
202205;ROT;TAROM;E;ROUMANIE;12207;7,8;12285;0,023;0;0,023;104
202205;RYR;RYANAIR;E;IRLANDE;1201671;20,8;1201879;1,327;0;1,327;7791
202205;SAS;SAS;E;SUEDE;54038;51,4;54552;0,077;0,0001;0,078;420
202205;SEH;SKY EXPRESS;E;GRECE;16895;4,6;16941;0,039;0;0,039;119
202205;SIA;SINGAPORE AIRLINES;E;SINGAPOUR;14612;1222;26832;0,157;0,0131;0,288;62
202205;SRR;STAR AIR DANEMARK;E;DANEMARK;0;2454;24540;0;0,0015;0,015;208
202205;SVA;SAUDIA;E;ARABIE SAOUDITE;24985;910,4;34089;0,113;0,0041;0,154;130
202205;SWN;WEST AIR SWEDEN;E;SUEDE;7;1261,3;12620;0;0,0007;0,007;169
202205;SWR;SWISS;E;SUISSE;57089;355,3;60642;0,028;0,0002;0,03;608
202205;SXS;SUNEXPRESS;E;TURQUIE;31218;0;31218;0,072;0;0,072;210
202205;SZN;AIR SENEGAL;E;SENEGAL;16076;284,7;18923;0,067;0,0012;0,079;101
202205;TAP;TAP AIR PORTUGAL;E;PORTUGAL;127795;72,6;128521;0,173;0,0001;0,174;1106
202205;TAR;TUNISAIR;E;TUNISIE;89761;315,1;92912;0,113;0,0005;0,118;728
202205;THA;THAI AIRWAYS INTL;E;THAILANDE;12805;779,9;20604;0,121;0,0074;0,195;62
202205;THT;AIR TAHITI NUI;F;FRANCE (OM);28230;788,2;36112;0,277;0,0066;0,343;153
202205;THY;TURKISH AIRLINES;E;TURQUIE;173601;2018,8;193789;0,365;0,0044;0,409;1108
202205;TPC;AIR CALEDONIE;F;FRANCE (OM);27915;84,6;28761;0,005;0;0,005;582
202205;TRA;TRANSAVIA PAYS BAS;E;PAYS-BAS;32993;0;32993;0,027;0;0,027;262
202205;TSC;AIR TRANSAT;E;CANADA;42379;117;43549;0,233;0,0006;0,239;250
202205;TVF;TRANSAVIA FRANCE;F;FRANCE;1007899;17,3;1008072;1,478;0;1,478;6890
202205;TVS;TRAVEL SERVICE / SMARTWINGS;E;TCHEQUIE;34636;0;34636;0,067;0;0,067;297
202205;UAE;EMIRATES;E;EMIRATS ARABES UNIS;76755;2687,9;103634;0,396;0,0138;0,534;256
202205;UAL;UNITED AIRLINES;E;ETATS-UNIS;80373;2657,1;106944;0,539;0,0174;0,713;384
202205;VLG;VUELING AIRLINES;E;ESPAGNE;531214;208,7;533301;0,524;0,0002;0,526;3529
202205;VOE;VOLOTEA;E;ESPAGNE;473333;5,2;473385;0,48;0;0,48;3271
202205;VTA;AIR TAHITI;F;FRANCE (OM);75647;124,9;76896;0,026;0,0001;0,027;1886
202205;WJA;WESTJET;E;CANADA;14150;329,7;17447;0,095;0,0024;0,119;58
202205;WZZ;WIZZ AIR;E;HONGRIE;215806;0;215806;0,288;0;0,288;1258
202205;ZZE; AUTRES CIE (E);E;_ZZ_E;242435;7965,8;322093;0,549;0,0323;0,872;18204
202205;ZZF; AUTRES CIE (F);F;_ZZ_F;40912;38,1;41293;0,038;0;0,038;6660
202206;AAL;AMERICAN AIRLINES;E;ETATS-UNIS;63991;2305,2;87043;0,409;0,0153;0,562;295
202206;ABR;ASL AIRLINES IRELAND;E;IRLANDE;0;2940,6;29406;0;0,0026;0,026;307
202206;ACA;AIR CANADA;E;CANADA;74919;1086,5;85784;0,432;0,0062;0,494;205
202206;ACI;AIRCALIN;F;FRANCE (OM);22698;384,4;26542;0,098;0,0018;0,116;253
202206;AEA;AIR EUROPA;E;ESPAGNE;29797;101,3;30810;0,031;0,0001;0,032;179
202206;AEE;AEGEAN AIRLINES;E;GRECE;102996;106,8;104064;0,216;0,0002;0,218;716
202206;AFR;AIR FRANCE;F;FRANCE;3770133;41076,1;4180894;11,084;0,2905;13,989;25081
202206;AIC;AIR INDIA;E;INDE;12458;533,3;17791;0,082;0,0035;0,117;60
202206;AMC;AIR MALTA;E;MALTE;27206;22,5;27431;0,045;0;0,045;172
202206;AMX;AEROMEXICO;E;MEXIQUE;17252;597,6;23228;0,159;0,0055;0,214;72
202206;ANE;AIR NOSTRUM;E;ESPAGNE;65098;0;65098;0,05;0;0,05;809
202206;ASL;AIR SERBIA;E;SERBIE;14761;20,3;14964;0,021;0;0,021;136
202206;AUA;AUSTRIAN AIRLINES;E;AUTRICHE;61365;68,4;62049;0,058;0,0001;0,059;492
202206;BAW;BRITISH AIRWAYS;E;ROYAUME-UNI;207420;435,4;211774;0,165;0,0002;0,167;1507
202206;BCS;EAT/EUROPEAN AIR TRANSP;E;ALLEMAGNE;20;12908,4;129104;0;0,0097;0,097;832
202206;BEL;BRUSSELS AIRLINES;E;BELGIQUE;61459;13,8;61597;0,042;0;0,042;526
202206;BGA;AIRBUS TRANSPORT INTL;F;FRANCE;0;3371,5;33715;0;0,0031;0,031;172
202206;BLA;BLUE AIR AVIATION;E;ROUMANIE;12218;5,1;12269;0,021;0;0,021;86
202206;BTI;AIR BALTIC;E;LETTONIE;21712;129,4;23006;0,039;0,0002;0,041;174
202206;CAI;CORENDON AIRLINES;E;TURQUIE;12123;0;12123;0,027;0;0,027;90
202206;CCA;AIR CHINA INTL;E;CHINE;1203;7604,1;77244;0,01;0,0624;0,634;146
202206;CCM;AIR CORSICA;F;FRANCE;205822;147,3;207295;0,127;0,0001;0,128;2009
202206;CES;CHINA EASTERN AIRLINES;E;CHINE;1171;975,3;10924;0,011;0,009;0,101;57
202206;CFE;BA CITYFLYER;E;ROYAUME-UNI;11153;0;11153;0,01;0;0,01;140
202206;CHH;HAINAN AIRLINES;E;CHINE;0;1035,6;10356;0;0,0088;0,088;28
202206;CRL;CORSAIR;F;FRANCE;94156;1695,8;111114;0,617;0,0113;0,73;398
202206;CSN;CHINA SOUTHERN AIRLINES;E;CHINE;1545;1921,8;20763;0,015;0,0182;0,197;44
202206;CTN;CROATIA AIRLINES;E;CROATIE;14252;24,4;14496;0,017;0;0,017;144
202206;CXI;CORENDON AIRLINES EUROPE;E;MALTE;17791;0;17791;0,039;0;0,039;134
202206;DAH;AIR ALGERIE;E;ALGERIE;136359;574,2;142101;0,17;0,0007;0,177;977
202206;DAL;DELTA AIR LINES;E;ETATS-UNIS;159163;2485,1;184014;1,07;0,0166;1,236;615
202206;DLH;LUFTHANSA;E;ALLEMAGNE;298910;1223,7;311147;0,195;0,0007;0,202;2662
202206;EIN;AER LINGUS;E;IRLANDE;74221;44,2;74663;0,074;0;0,074;508
202206;EJU;EASYJET EUROPE;E;AUTRICHE;1346396;0;1346396;1,261;0;1,261;8583
202206;ELY;EL AL;E;ISRAEL;38075;620;44275;0,12;0,002;0,14;216
202206;ENT;ENTER AIR;E;POLOGNE;37245;0;37245;0,061;0;0,061;277
202206;ETD;ETIHAD AIRWAYS;E;EMIRATS ARABES UNIS;17448;1140,9;28857;0,092;0,006;0,152;72
202206;ETH;ETHIOPIAN AIRLINES;E;ETHIOPIE;17783;796,4;25747;0,099;0,0044;0,143;88
202206;EWG;EUROWINGS;E;ALLEMAGNE;51571;0;51571;0,047;0;0,047;435
202206;EXS;JET2.COM;E;ROYAUME-UNI;12192;0;12192;0,011;0;0,011;88
202206;EZS;EASYJET SWITZERLAND;E;SUISSE;391213;0;391213;0,346;0;0,346;2615
202206;EZY;EASYJET R-U;E;ROYAUME-UNI;264388;0;264388;0,209;0;0,209;1848
202206;EZZ;ETF AIRWAYS;E;CROATIE;13597;0;13597;0,027;0;0,027;98
202206;FBU;FRENCH BEE;F;FRANCE;62263;843,4;70697;0,555;0,0072;0,627;197
202206;FDX;FEDEX EXPRESS;E;ETATS-UNIS;0;55021,7;550217;0;0,1759;1,759;2321
202206;FIN;FINNAIR;E;FINLANDE;35661;62,5;36286;0,07;0,0001;0,071;314
202206;FOX;FLYR;E;NORVEGE;16914;0;16914;0,028;0;0,028;122
202206;FPO;ASL AIRLINES FRANCE;F;FRANCE;26233;867;34903;0,036;0,0005;0,041;400
202206;FWI;AIR CARAIBES;F;FRANCE (OM);91295;1191,4;103209;0,469;0,0082;0,551;720
202206;GUY;CAIRE - AIR GUYANE EXPRESS;F;FRANCE (OM);24439;115,3;25592;0,007;0;0,007;1577
202206;HVN;VIETNAM AIRLINES;E;VIETNAM;5135;1603,9;21174;0,049;0,0148;0,197;60
202206;IBE;IBERIA;E;ESPAGNE;78472;33,3;78805;0,08;0;0,08;455
202206;IBS;IBERIA EXPRESS;E;ESPAGNE;33727;9,7;33824;0,03;0;0,03;239
202206;ICE;ICELANDAIR;E;ISLANDE;25287;80,9;26096;0,057;0,0002;0,059;158
202206;ITY;ITALIA TRASPORTO AEREO;E;ITALIE;68857;11,5;68972;0,054;0;0,054;605
202206;JAF;TUIFLY BELGIUM;E;BELGIQUE;72800;0;72800;0,137;0;0,137;565
202206;JAL;JAPAN AIRLINES;E;JAPON;5973;582;11793;0,058;0,0057;0,115;42
202206;KAL;KOREAN AIR;E;COREE DU SUD;10931;1135,8;22289;0,098;0,0093;0,191;63
202206;KLC;KLM/CITYHOPPER;E;PAYS-BAS;38608;0;38608;0,033;0;0,033;432
202206;KLM;KLM;E;PAYS-BAS;104572;127,6;105848;0,074;0,0001;0,075;775
202206;KQA;KENYA AIRWAYS;E;KENYA;10136;357,9;13715;0,06;0,0023;0,083;71
202206;LAN;LAN AIRLINES;E;CHILI;13651;556,9;19220;0,139;0,0056;0,195;52
202206;LBT;NOUVELAIR;E;TUNISIE;71482;12,2;71604;0,104;0;0,104;548
202206;LGL;LUXAIR;E;LUXEMBOURG;23493;0;23493;0,014;0;0,014;366
202206;LOT;LOT POLISH AIRLINES;E;POLOGNE;23271;64,7;23918;0,031;0,0001;0,032;242
202206;MAC;AIR ARABIA MAROC;E;MAROC;44045;13;44175;0,067;0;0,067;385
202206;MAU;AIR MAURITIUS;E;MAURICE;28812;904,6;37858;0,181;0,0066;0,247;241
202206;MEA;MIDDLE EAST AIRLINES;E;LIBAN;18271;197,2;20243;0,058;0,0006;0,064;112
202206;MNB;MNG AIRLINES;E;TURQUIE;0;1391,3;13913;0;0,002;0,02;23
202206;MSR;EGYPT AIR;E;EGYPTE;16901;500,2;21903;0,054;0,0016;0,07;98
202206;NOZ;NORWEGIAN AIR SHUTTLE AOC AS;E;NORVEGE;35592;0,5;35597;0,059;0;0,059;236
202206;NSZ;NORWEGIAN AIR SWEDEN AOC;E;SUEDE;49968;0;49968;0,076;0;0,076;309
202206;OMA;OMAN AIR;E;OMAN;7172;566,3;12835;0,04;0,0032;0,072;34
202206;PGT;PEGASUS;E;TURQUIE;64757;42;65177;0,138;0,0001;0,139;408
202206;QTR;QATAR AIRWAYS;E;QATAR;53909;6450,9;118418;0,268;0,0315;0,583;291
202206;RAM;ROYAL AIR MAROC;E;MAROC;120352;251,5;122867;0,22;0,0005;0,225;1128
202206;REU;AIR AUSTRAL;F;FRANCE (OM);67948;1221,7;80165;0,359;0,01;0,459;459
202206;ROT;TAROM;E;ROUMANIE;12945;16,3;13108;0,024;0;0,024;110
202206;RYR;RYANAIR;E;IRLANDE;1226448;24,9;1226697;1,346;0;1,346;7843
202206;SAS;SAS;E;SUEDE;57113;48,1;57594;0,082;0,0001;0,083;470
202206;SEH;SKY EXPRESS;E;GRECE;16007;4,9;16056;0,036;0;0,036;133
202206;SIA;SINGAPORE AIRLINES;E;SINGAPOUR;20624;1603,1;36655;0,221;0,0172;0,393;86
202206;SRR;STAR AIR DANEMARK;E;DANEMARK;0;2867,2;28672;0;0,0017;0,017;212
202206;SVA;SAUDIA;E;ARABIE SAOUDITE;20567;1376,5;34332;0,093;0,0063;0,156;126
202206;SWN;WEST AIR SWEDEN;E;SUEDE;8;1479,3;14801;0;0,0009;0,009;188
202206;SWR;SWISS;E;SUISSE;65748;441,5;70163;0,034;0,0003;0,037;669
202206;SWT;SWIFTAIR ESPAGNE;E;ESPAGNE;338;984,3;10181;0;0,0006;0,006;180
202206;SXS;SUNEXPRESS;E;TURQUIE;45732;0;45732;0,104;0;0,104;310
202206;SZN;AIR SENEGAL;E;SENEGAL;16908;294,5;19853;0,071;0,0012;0,083;105
202206;TAP;TAP AIR PORTUGAL;E;PORTUGAL;123744;72,1;124465;0,168;0,0001;0,169;1098
202206;TAR;TUNISAIR;E;TUNISIE;85062;304,9;88111;0,105;0,0004;0,109;715
202206;THA;THAI AIRWAYS INTL;E;THAILANDE;16044;602,8;22072;0,152;0,0057;0,209;60
202206;THT;AIR TAHITI NUI;F;FRANCE (OM);28192;761,4;35806;0,284;0,0063;0,347;153
202206;THY;TURKISH AIRLINES;E;TURQUIE;164645;3026,1;194906;0,346;0,0067;0,413;1110
202206;TPC;AIR CALEDONIE;F;FRANCE (OM);37589;86,4;38453;0,006;0;0,006;784
202206;TRA;TRANSAVIA PAYS BAS;E;PAYS-BAS;30050;0;30050;0,026;0;0,026;221
202206;TSC;AIR TRANSAT;E;CANADA;62647;88,5;63532;0,355;0,0005;0,36;320
202206;TVF;TRANSAVIA FRANCE;F;FRANCE;1040688;7;1040758;1,569;0;1,569;6971
202206;TVS;TRAVEL SERVICE / SMARTWINGS;E;TCHEQUIE;22806;0;22806;0,045;0;0,045;227
202206;UAE;EMIRATES;E;EMIRATS ARABES UNIS;72795;2420,3;96998;0,376;0,0125;0,501;245
202206;UAL;UNITED AIRLINES;E;ETATS-UNIS;87173;2502,5;112198;0,586;0,0165;0,751;354
202206;VLG;VUELING AIRLINES;E;ESPAGNE;557383;180,2;559185;0,546;0,0002;0,548;3449
202206;VOE;VOLOTEA;E;ESPAGNE;498058;9,4;498152;0,521;0;0,521;3388
202206;VTA;AIR TAHITI;F;FRANCE (OM);76674;126,5;77939;0,027;0,0001;0,028;1956
202206;WJA;WESTJET;E;CANADA;16393;194;18333;0,109;0,0014;0,123;68
202206;WZZ;WIZZ AIR;E;HONGRIE;199500;0;199500;0,268;0;0,268;1165
202206;ZZE; AUTRES CIE (E);E;_ZZ_E;205737;5975,4;265491;0,515;0,0254;0,769;18319
202206;ZZF; AUTRES CIE (F);F;_ZZ_F;45401;43,8;45839;0,048;0;0,048;6945
202207;AAL;AMERICAN AIRLINES;E;ETATS-UNIS;66469;2829,8;94767;0,426;0,019;0,616;310
202207;AAR;ASIANA AIRLINES;E;COREE DU SUD;8675;787,5;16550;0,078;0,007;0,148;30
202207;ABR;ASL AIRLINES IRELAND;E;IRLANDE;3;3054;30543;0;0,0026;0,026;354
202207;ACA;AIR CANADA;E;CANADA;97566;1357;111136;0,561;0,0078;0,639;260
202207;ACI;AIRCALIN;F;FRANCE (OM);25674;362,9;29303;0,125;0,0018;0,143;264
202207;AEA;AIR EUROPA;E;ESPAGNE;38580;73,5;39315;0,04;0,0001;0,041;215
202207;AEE;AEGEAN AIRLINES;E;GRECE;120181;119,9;121380;0,251;0,0003;0,254;831
202207;AFR;AIR FRANCE;F;FRANCE;4130003;41670;4546703;13,071;0,2953;16,024;26147
202207;AIC;AIR INDIA;E;INDE;13770;0;13770;0,09;0;0,09;63
202207;AMC;AIR MALTA;E;MALTE;33443;21,7;33660;0,055;0;0,055;211
202207;AMX;AEROMEXICO;E;MEXIQUE;20508;491,2;25420;0,187;0,0045;0,232;86
202207;ANE;AIR NOSTRUM;E;ESPAGNE;78022;0,1;78023;0,06;0;0,06;1011
202207;ASL;AIR SERBIA;E;SERBIE;16811;18;16991;0,024;0;0,024;142
202207;AUA;AUSTRIAN AIRLINES;E;AUTRICHE;73172;92,4;74096;0,071;0,0001;0,072;520
202207;BAW;BRITISH AIRWAYS;E;ROYAUME-UNI;185736;320,6;188942;0,149;0,0001;0,15;1276
202207;BCS;EAT/EUROPEAN AIR TRANSP;E;ALLEMAGNE;17;11535,1;115368;0;0,0085;0,085;798
202207;BEL;BRUSSELS AIRLINES;E;BELGIQUE;80886;8,1;80967;0,055;0;0,055;655
202207;BGA;AIRBUS TRANSPORT INTL;F;FRANCE;0;2233,4;22334;0;0,0022;0,022;124
202207;BLA;BLUE AIR AVIATION;E;ROUMANIE;17697;4,6;17743;0,032;0;0,032;122
202207;BTI;AIR BALTIC;E;LETTONIE;23414;129;24704;0,042;0,0002;0,044;175
202207;CAI;CORENDON AIRLINES;E;TURQUIE;20060;0,6;20066;0,045;0;0,045;147
202207;CCA;AIR CHINA INTL;E;CHINE;179;7056;70739;0,001;0,058;0,581;131
202207;CCM;AIR CORSICA;F;FRANCE;243150;145,5;244605;0,149;0,0001;0,15;2468
202207;CES;CHINA EASTERN AIRLINES;E;CHINE;1070;1813;19200;0,01;0,0168;0,178;44
202207;CFE;BA CITYFLYER;E;ROYAUME-UNI;16717;0;16717;0,014;0;0,014;196
202207;CFG;CONDOR;E;ALLEMAGNE;10993;0;10993;0,008;0;0,008;68
202207;CPA;CATHAY PACIFIC;E;HONG KONG (CHINE);4842;2836,4;33206;0,046;0,0191;0,237;36
202207;CRL;CORSAIR;F;FRANCE;134470;1756,2;152032;0,89;0,0115;1,005;527
202207;CSN;CHINA SOUTHERN AIRLINES;E;CHINE;1541;928,1;10822;0,015;0,0088;0,103;22
202207;CTN;CROATIA AIRLINES;E;CROATIE;14427;27,6;14703;0,017;0;0,017;150
202207;CXI;CORENDON AIRLINES EUROPE;E;MALTE;18710;0;18710;0,041;0;0,041;129
202207;DAH;AIR ALGERIE;E;ALGERIE;195984;611,3;202097;0,239;0,0008;0,247;1547
202207;DAL;DELTA AIR LINES;E;ETATS-UNIS;165038;2696,4;192002;1,105;0,0178;1,283;616
202207;DLH;LUFTHANSA;E;ALLEMAGNE;284491;1098,6;295477;0,187;0,0006;0,193;2495
202207;EIN;AER LINGUS;E;IRLANDE;89759;35,2;90111;0,091;0;0,091;564
202207;EJU;EASYJET EUROPE;E;AUTRICHE;1359987;1;1359997;1,364;0;1,364;8670
202207;ELY;EL AL;E;ISRAEL;43277;661,1;49888;0,137;0,0022;0,159;233
202207;ENT;ENTER AIR;E;POLOGNE;61060;0;61060;0,114;0;0,114;421
202207;ETD;ETIHAD AIRWAYS;E;EMIRATS ARABES UNIS;19722;1009,5;29817;0,103;0,0053;0,156;80
202207;ETH;ETHIOPIAN AIRLINES;E;ETHIOPIE;19577;647,7;26054;0,109;0,0036;0,145;94
202207;EVA;EVA AIR;E;TAIWAN;3335;720,6;10541;0,033;0,0071;0,104;34
202207;EWG;EUROWINGS;E;ALLEMAGNE;53819;0;53819;0,052;0;0,052;414
202207;EXS;JET2.COM;E;ROYAUME-UNI;15428;0;15428;0,014;0;0,014;104
202207;EZS;EASYJET SWITZERLAND;E;SUISSE;441315;0;441315;0,382;0;0,382;2808
202207;EZY;EASYJET R-U;E;ROYAUME-UNI;330123;0;330123;0,272;0;0,272;2230
202207;EZZ;ETF AIRWAYS;E;CROATIE;25668;0;25668;0,045;0;0,045;178
202207;FBU;FRENCH BEE;F;FRANCE;86435;1042,7;96862;0,763;0,0086;0,849;257
202207;FDX;FEDEX EXPRESS;E;ETATS-UNIS;16;55219,2;552208;0;0,1851;1,851;2264
202207;FIN;FINNAIR;E;FINLANDE;44235;48,8;44723;0,086;0,0001;0,087;350
202207;FOX;FLYR;E;NORVEGE;25795;0;25795;0,044;0;0,044;158
202207;FPO;ASL AIRLINES FRANCE;F;FRANCE;33064;722,3;40287;0,045;0,0005;0,05;496
202207;FPY;FLY PLAY;E;ISLANDE;10905;9,1;10996;0,024;0;0,024;70
202207;FWI;AIR CARAIBES;F;FRANCE (OM);149453;976,5;159218;0,835;0,0066;0,901;1016
202207;GFA;GULF AIR;E;BAHREIN;9964;61,1;10575;0,048;0,0003;0,051;86
202207;GPX;GP AVIATION LTD.;E;BULGARIE;15915;0;15915;0,019;0;0,019;132
202207;GUY;CAIRE - AIR GUYANE EXPRESS;F;FRANCE (OM);34146;76,3;34909;0,009;0;0,009;1817
202207;HVN;VIETNAM AIRLINES;E;VIETNAM;10044;1248,6;22530;0,096;0,0115;0,211;68
202207;IBE;IBERIA;E;ESPAGNE;81021;28,6;81307;0,082;0;0,082;487
202207;IBS;IBERIA EXPRESS;E;ESPAGNE;27417;11,7;27534;0,025;0;0,025;192
202207;ICE;ICELANDAIR;E;ISLANDE;32062;92,7;32989;0,074;0,0002;0,076;188
202207;ITY;ITALIA TRASPORTO AEREO;E;ITALIE;68110;5,8;68168;0,053;0;0,053;612
202207;JAF;TUIFLY BELGIUM;E;BELGIQUE;81156;0;81156;0,15;0;0,15;610
202207;JAL;JAPAN AIRLINES;E;JAPON;9412;801,1;17423;0,091;0,0078;0,169;62
202207;KAC;KUWAIT AIRWAYS;E;KOWEIT;9262;227;11532;0,04;0,001;0,05;59
202207;KAL;KOREAN AIR;E;COREE DU SUD;15613;1462;30233;0,14;0,0118;0,258;81
202207;KLC;KLM/CITYHOPPER;E;PAYS-BAS;30267;0;30267;0,026;0;0,026;362
202207;KLM;KLM;E;PAYS-BAS;110928;145,7;112385;0,079;0,0001;0,08;871
202207;KQA;KENYA AIRWAYS;E;KENYA;12670;353;16200;0,074;0,0023;0,097;85
202207;LAN;LAN AIRLINES;E;CHILI;14151;531,3;19464;0,144;0,0054;0,198;54
202207;LBT;NOUVELAIR;E;TUNISIE;107086;12,2;107208;0,159;0;0,159;785
202207;LGL;LUXAIR;E;LUXEMBOURG;29496;0;29496;0,017;0;0,017;418
202207;LOT;LOT POLISH AIRLINES;E;POLOGNE;24295;63,4;24929;0,033;0,0001;0,034;242
202207;MAC;AIR ARABIA MAROC;E;MAROC;62366;9,7;62463;0,095;0;0,095;484
202207;MAU;AIR MAURITIUS;E;MAURICE;48175;934,9;57524;0,236;0,0069;0,305;310
202207;MEA;MIDDLE EAST AIRLINES;E;LIBAN;29174;235,6;31530;0,091;0,0008;0,099;179
202207;MNB;MNG AIRLINES;E;TURQUIE;0;1149,3;11493;0;0,0016;0,016;19
202207;MSR;EGYPT AIR;E;EGYPTE;23512;381,9;27331;0,075;0,0012;0,087;126
202207;NOZ;NORWEGIAN AIR SHUTTLE AOC AS;E;NORVEGE;50972;4,6;51018;0,085;0;0,085;302
202207;NSZ;NORWEGIAN AIR SWEDEN AOC;E;SUEDE;56842;0,3;56845;0,087;0;0,087;326
202207;OMA;OMAN AIR;E;OMAN;8654;536;14014;0,048;0,003;0,078;36
202207;PGT;PEGASUS;E;TURQUIE;71007;39;71397;0,151;0,0001;0,152;446
202207;QTR;QATAR AIRWAYS;E;QATAR;66834;6022,9;127063;0,334;0,0294;0,628;298
202207;RAM;ROYAL AIR MAROC;E;MAROC;182751;239,3;185144;0,328;0,0004;0,332;1576
202207;REU;AIR AUSTRAL;F;FRANCE (OM);108871;1394,6;122817;0,575;0,0116;0,691;661
202207;ROT;TAROM;E;ROUMANIE;13401;10;13501;0,024;0;0,024;122
202207;RYR;RYANAIR;E;IRLANDE;1344658;24,8;1344906;1,458;0;1,458;8278
202207;SAS;SAS;E;SUEDE;55579;25,9;55838;0,088;0;0,088;508
202207;SEH;SKY EXPRESS;E;GRECE;22288;4,2;22330;0,05;0;0,05;160
202207;SIA;SINGAPORE AIRLINES;E;SINGAPOUR;21559;1554,1;37100;0,231;0,0167;0,398;88
202207;SRR;STAR AIR DANEMARK;E;DANEMARK;0;2550,2;25502;0;0,0015;0,015;200
202207;SVA;SAUDIA;E;ARABIE SAOUDITE;30073;1255,1;42624;0,136;0,0057;0,193;140
202207;SWN;WEST AIR SWEDEN;E;SUEDE;7;1237,9;12386;0;0,0007;0,007;167
202207;SWR;SWISS;E;SUISSE;76700;456,7;81267;0,038;0,0002;0,04;721
202207;SXS;SUNEXPRESS;E;TURQUIE;50055;0;50055;0,112;0;0,112;330
202207;SZN;AIR SENEGAL;E;SENEGAL;22885;299,6;25881;0,096;0,0013;0,109;133
202207;TAP;TAP AIR PORTUGAL;E;PORTUGAL;131477;61,6;132093;0,179;0,0001;0,18;1151
202207;TAR;TUNISAIR;E;TUNISIE;113997;268,9;116686;0,141;0,0004;0,145;963
202207;THA;THAI AIRWAYS INTL;E;THAILANDE;17545;629,6;23841;0,166;0,006;0,226;62
202207;THT;AIR TAHITI NUI;F;FRANCE (OM);35311;746,3;42774;0,352;0,0063;0,415;186
202207;THY;TURKISH AIRLINES;E;TURQUIE;196798;3205,3;228851;0,417;0,0071;0,488;1315
202207;TPC;AIR CALEDONIE;F;FRANCE (OM);32441;86,2;33303;0,005;0;0,005;660
202207;TRA;TRANSAVIA PAYS BAS;E;PAYS-BAS;33098;0;33098;0,031;0;0,031;225
202207;TSC;AIR TRANSAT;E;CANADA;88356;129,1;89647;0,502;0,0007;0,509;380
202207;TVF;TRANSAVIA FRANCE;F;FRANCE;1108026;0,1;1108027;1,768;0;1,768;7374
202207;TVS;TRAVEL SERVICE / SMARTWINGS;E;TCHEQUIE;37139;0;37139;0,077;0;0,077;304
202207;UAE;EMIRATES;E;EMIRATS ARABES UNIS;101232;2697,7;128209;0,52;0,0138;0,658;295
202207;UAL;UNITED AIRLINES;E;ETATS-UNIS;102983;2928,4;132267;0,687;0,0194;0,881;419
202207;UPS;UPS AIRLINES;E;ETATS-UNIS;0;1230,6;12306;0;0,0022;0,022;85
202207;VLG;VUELING AIRLINES;E;ESPAGNE;646107;208,4;648191;0,64;0,0002;0,642;3782
202207;VOE;VOLOTEA;E;ESPAGNE;576667;15,2;576819;0,613;0;0,613;3950
202207;VTA;AIR TAHITI;F;FRANCE (OM);102596;148,5;104081;0,036;0,0001;0,037;2403
202207;WJA;WESTJET;E;CANADA;18409;245,8;20867;0,123;0,0018;0,141;78
202207;WZZ;WIZZ AIR;E;HONGRIE;211072;0;211072;0,285;0;0,285;1188
202207;ZZE; AUTRES CIE (E);E;_ZZ_E;246687;4435,6;291043;0,574;0,0104;0,678;21348
202207;ZZF; AUTRES CIE (F);F;_ZZ_F;44859;112,1;45980;0,047;0,0004;0,051;7282
202208;AAL;AMERICAN AIRLINES;E;ETATS-UNIS;62681;2582,4;88505;0,399;0,0172;0,571;314
202208;AAR;ASIANA AIRLINES;E;COREE DU SUD;13650;1002,1;23671;0,122;0,009;0,212;52
202208;ABR;ASL AIRLINES IRELAND;E;IRLANDE;1;3044,8;30449;0;0,0026;0,026;351
202208;ACA;AIR CANADA;E;CANADA;97112;1648,6;113598;0,558;0,0094;0,652;256
202208;ACI;AIRCALIN;F;FRANCE (OM);29602;355,4;33156;0,135;0,0018;0,153;327
202208;AEA;AIR EUROPA;E;ESPAGNE;35094;41,3;35507;0,036;0;0,036;218
202208;AEE;AEGEAN AIRLINES;E;GRECE;125581;103,1;126612;0,263;0,0002;0,265;838
202208;AFR;AIR FRANCE;F;FRANCE;3976729;40437,9;4381108;12,838;0,2845;15,683;25241
202208;AIC;AIR INDIA;E;INDE;12928;35,9;13287;0,085;0,0002;0,087;62
202208;AMC;AIR MALTA;E;MALTE;33033;18,7;33220;0,054;0;0,054;213
202208;AMX;AEROMEXICO;E;MEXIQUE;18670;549,3;24163;0,172;0,0051;0,223;78
202208;ANE;AIR NOSTRUM;E;ESPAGNE;79395;0,1;79396;0,061;0;0,061;1045
202208;ASL;AIR SERBIA;E;SERBIE;16086;19,3;16279;0,023;0;0,023;142
202208;AUA;AUSTRIAN AIRLINES;E;AUTRICHE;72137;99,8;73135;0,069;0,0001;0,07;550
202208;BAW;BRITISH AIRWAYS;E;ROYAUME-UNI;162993;270,4;165697;0,133;0,0001;0,134;1181
202208;BCS;EAT/EUROPEAN AIR TRANSP;E;ALLEMAGNE;26;11149,1;111517;0;0,0083;0,083;828
202208;BEL;BRUSSELS AIRLINES;E;BELGIQUE;77806;9,1;77897;0,052;0;0,052;659
202208;BGA;AIRBUS TRANSPORT INTL;F;FRANCE;0;2229,8;22298;0;0,0022;0,022;114
202208;BLA;BLUE AIR AVIATION;E;ROUMANIE;21663;4,5;21708;0,039;0;0,039;142
202208;BTI;AIR BALTIC;E;LETTONIE;22780;126,9;24049;0,041;0,0002;0,043;178
202208;CAI;CORENDON AIRLINES;E;TURQUIE;25596;0,1;25597;0,058;0;0,058;168
202208;CCA;AIR CHINA INTL;E;CHINE;1879;5549,8;57377;0,015;0,0457;0,472;118
202208;CCM;AIR CORSICA;F;FRANCE;245781;152,4;247305;0,145;0,0001;0,146;2428
202208;CES;CHINA EASTERN AIRLINES;E;CHINE;1623;1889,3;20516;0,015;0,0175;0,19;44
202208;CFE;BA CITYFLYER;E;ROYAUME-UNI;17824;0;17824;0,015;0;0,015;200
202208;CPA;CATHAY PACIFIC;E;HONG KONG (CHINE);4604;3865,5;43259;0,044;0,027;0,314;40
202208;CRL;CORSAIR;F;FRANCE;141999;1660,6;158605;0,942;0,0109;1,051;538
202208;CSN;CHINA SOUTHERN AIRLINES;E;CHINE;1111;915,3;10264;0,011;0,0087;0,098;18
202208;CTN;CROATIA AIRLINES;E;CROATIE;15332;24,6;15578;0,018;0;0,018;150
202208;CXI;CORENDON AIRLINES EUROPE;E;MALTE;22068;0;22068;0,051;0;0,051;136
202208;DAH;AIR ALGERIE;E;ALGERIE;215456;550,2;220958;0,264;0,0007;0,271;1517
202208;DAL;DELTA AIR LINES;E;ETATS-UNIS;165983;2080,8;186791;1,113;0,0137;1,25;678
202208;DLH;LUFTHANSA;E;ALLEMAGNE;312285;1275,9;325044;0,205;0,0007;0,212;2888
202208;EIN;AER LINGUS;E;IRLANDE;87759;39,7;88156;0,09;0;0,09;566
202208;EJU;EASYJET EUROPE;E;AUTRICHE;1364555;0,2;1364557;1,364;0;1,364;8646
202208;ELY;EL AL;E;ISRAEL;48790;1140,2;60192;0,154;0,0037;0,191;273
202208;ENT;ENTER AIR;E;POLOGNE;69307;0;69307;0,134;0;0,134;447
202208;ETD;ETIHAD AIRWAYS;E;EMIRATS ARABES UNIS;20045;925,5;29300;0,105;0,0049;0,154;80
202208;ETH;ETHIOPIAN AIRLINES;E;ETHIOPIE;20752;769,7;28449;0,115;0,0043;0,158;88
202208;EVA;EVA AIR;E;TAIWAN;9019;517,9;14198;0,088;0,0051;0,139;34
202208;EWG;EUROWINGS;E;ALLEMAGNE;54823;0;54823;0,051;0;0,051;476
202208;EXS;JET2.COM;E;ROYAUME-UNI;14808;0;14808;0,014;0;0,014;98
202208;EZS;EASYJET SWITZERLAND;E;SUISSE;440008;0;440008;0,386;0;0,386;2781
202208;EZY;EASYJET R-U;E;ROYAUME-UNI;345099;0;345099;0,283;0;0,283;2315
202208;EZZ;ETF AIRWAYS;E;CROATIE;23685;0;23685;0,04;0;0,04;164
202208;FBU;FRENCH BEE;F;FRANCE;89360;830,8;97668;0,784;0,0073;0,857;253
202208;FDX;FEDEX EXPRESS;E;ETATS-UNIS;20;59729,5;597315;0;0,208;2,08;2249
202208;FIN;FINNAIR;E;FINLANDE;36183;75,2;36935;0,07;0,0001;0,071;334
202208;FOX;FLYR;E;NORVEGE;16829;0;16829;0,027;0;0,027;128
202208;FPO;ASL AIRLINES FRANCE;F;FRANCE;34569;755,6;42125;0,047;0,0005;0,052;480
202208;FPY;FLY PLAY;E;ISLANDE;12170;11,5;12285;0,027;0;0,027;76
202208;FWI;AIR CARAIBES;F;FRANCE (OM);182185;976,7;191952;1,028;0,0066;1,094;1109
202208;GFA;GULF AIR;E;BAHREIN;9972;72,4;10696;0,048;0,0003;0,051;78
202208;GPX;GP AVIATION LTD.;E;BULGARIE;15503;0;15503;0,019;0;0,019;132
202208;GUY;CAIRE - AIR GUYANE EXPRESS;F;FRANCE (OM);40946;96,2;41908;0,011;0;0,011;1932
202208;HVN;VIETNAM AIRLINES;E;VIETNAM;11164;606,8;17232;0,107;0,0058;0,165;45
202208;IBE;IBERIA;E;ESPAGNE;83193;28,3;83476;0,084;0;0,084;523
202208;IBS;IBERIA EXPRESS;E;ESPAGNE;25955;12,9;26084;0,025;0;0,025;178
202208;ICE;ICELANDAIR;E;ISLANDE;30791;67,5;31466;0,071;0,0002;0,073;194
202208;ITY;ITALIA TRASPORTO AEREO;E;ITALIE;52908;5,6;52964;0,043;0;0,043;478
202208;JAF;TUIFLY BELGIUM;E;BELGIQUE;82470;0;82470;0,153;0;0,153;601
202208;JAL;JAPAN AIRLINES;E;JAPON;8762;799,4;16756;0,085;0,0078;0,163;62
202208;KAC;KUWAIT AIRWAYS;E;KOWEIT;10305;261,5;12920;0,044;0,0011;0,055;60
202208;KAL;KOREAN AIR;E;COREE DU SUD;14322;1414,7;28469;0,128;0,0115;0,243;78
202208;KLC;KLM/CITYHOPPER;E;PAYS-BAS;32477;0;32477;0,028;0;0,028;402
202208;KLM;KLM;E;PAYS-BAS;116679;161,8;118297;0,085;0,0001;0,086;943
202208;KQA;KENYA AIRWAYS;E;KENYA;13663;394,8;17611;0,08;0,0026;0,106;90
202208;LAN;LAN AIRLINES;E;CHILI;13458;567,5;19133;0,134;0,0055;0,189;52
202208;LBT;NOUVELAIR;E;TUNISIE;114187;13,6;114323;0,168;0;0,168;795
202208;LGL;LUXAIR;E;LUXEMBOURG;29142;0;29142;0,017;0;0,017;425
202208;LOT;LOT POLISH AIRLINES;E;POLOGNE;23633;54,3;24176;0,032;0,0001;0,033;250
202208;MAC;AIR ARABIA MAROC;E;MAROC;68709;6;68769;0,105;0;0,105;508
202208;MAU;AIR MAURITIUS;E;MAURICE;47158;915,2;56310;0,254;0,0066;0,32;302
202208;MEA;MIDDLE EAST AIRLINES;E;LIBAN;31219;258,1;33800;0,097;0,0008;0,105;202
202208;MNB;MNG AIRLINES;E;TURQUIE;0;1330,8;13308;0;0,0017;0,017;22
202208;MSR;EGYPT AIR;E;EGYPTE;22437;480,6;27243;0,072;0,0015;0,087;123
202208;NOZ;NORWEGIAN AIR SHUTTLE AOC AS;E;NORVEGE;34583;2,2;34605;0,057;0;0,057;236
202208;NSZ;NORWEGIAN AIR SWEDEN AOC;E;SUEDE;50199;0;50199;0,077;0;0,077;312
202208;OMA;OMAN AIR;E;OMAN;8932;524,4;14176;0,05;0,0029;0,079;36
202208;PGT;PEGASUS;E;TURQUIE;77551;26,4;77815;0,166;0,0001;0,167;459
202208;QTR;QATAR AIRWAYS;E;QATAR;69625;6401,1;133636;0,347;0,0313;0,66;288
202208;RAM;ROYAL AIR MAROC;E;MAROC;189241;233,1;191572;0,34;0,0004;0,344;1613
202208;REU;AIR AUSTRAL;F;FRANCE (OM);110336;1443,2;124768;0,578;0,0119;0,697;689
202208;ROT;TAROM;E;ROUMANIE;12356;9,1;12447;0,022;0;0,022;112
202208;RYR;RYANAIR;E;IRLANDE;1413376;25,9;1413635;1,523;0;1,523;8461
202208;SAS;SAS;E;SUEDE;52384;32,7;52711;0,076;0;0,076;510
202208;SEH;SKY EXPRESS;E;GRECE;25193;3,8;25231;0,057;0;0,057;170
202208;SIA;SINGAPORE AIRLINES;E;SINGAPOUR;20980;1383,1;34811;0,225;0,0148;0,373;88
202208;SRR;STAR AIR DANEMARK;E;DANEMARK;0;3385;33850;0;0,0018;0,018;221
202208;SVA;SAUDIA;E;ARABIE SAOUDITE;34677;1117,5;45852;0,157;0,0051;0,208;133
202208;SWN;WEST AIR SWEDEN;E;SUEDE;10;1279,6;12806;0;0,0007;0,007;182
202208;SWR;SWISS;E;SUISSE;65715;452,4;70239;0,033;0,0002;0,035;709
202208;SXS;SUNEXPRESS;E;TURQUIE;56714;0;56714;0,127;0;0,127;338
202208;SZN;AIR SENEGAL;E;SENEGAL;21423;217;23593;0,089;0,0009;0,098;136
202208;TAP;TAP AIR PORTUGAL;E;PORTUGAL;129050;66;129710;0,175;0,0001;0,176;1176
202208;TAR;TUNISAIR;E;TUNISIE;134814;223,1;137045;0,169;0,0003;0,172;1003
202208;THA;THAI AIRWAYS INTL;E;THAILANDE;19815;891,7;28732;0,187;0,0084;0,271;62
202208;THT;AIR TAHITI NUI;F;FRANCE (OM);31924;702,1;38945;0,336;0,0058;0,394;176
202208;THY;TURKISH AIRLINES;E;TURQUIE;198578;3180,9;230387;0,419;0,007;0,489;1250
202208;TPC;AIR CALEDONIE;F;FRANCE (OM);31586;67,1;32257;0,005;0;0,005;642
202208;TRA;TRANSAVIA PAYS BAS;E;PAYS-BAS;30070;0;30070;0,027;0;0,027;214
202208;TSC;AIR TRANSAT;E;CANADA;96306;243,9;98745;0,547;0,0014;0,561;397
202208;TVF;TRANSAVIA FRANCE;F;FRANCE;1230202;1,1;1230213;1,995;0;1,995;8053
202208;TVS;TRAVEL SERVICE / SMARTWINGS;E;TCHEQUIE;45874;0;45874;0,094;0;0,094;320
202208;UAE;EMIRATES;E;EMIRATS ARABES UNIS;110537;2582,6;136363;0,568;0,0132;0,7;292
202208;UAL;UNITED AIRLINES;E;ETATS-UNIS;93631;2310,3;116734;0,625;0,015;0,775;410
202208;UPS;UPS AIRLINES;E;ETATS-UNIS;0;1769,2;17692;0;0,0024;0,024;91
202208;VLG;VUELING AIRLINES;E;ESPAGNE;657171;212,4;659295;0,643;0,0003;0,646;3797
202208;VOE;VOLOTEA;E;ESPAGNE;627610;8,1;627691;0,662;0;0,662;4209
202208;VTA;AIR TAHITI;F;FRANCE (OM);97202;138,9;98591;0,033;0,0001;0,034;2261
202208;WJA;WESTJET;E;CANADA;19295;172,4;21019;0,13;0,0013;0,143;78
202208;WZZ;WIZZ AIR;E;HONGRIE;238239;0;238239;0,322;0;0,322;1278
202208;ZZE; AUTRES CIE (E);E;_ZZ_E;230596;5409,3;284689;0,54;0,0144;0,684;16565
202208;ZZF; AUTRES CIE (F);F;_ZZ_F;36243;29,3;36536;0,044;0;0,044;5551
202209;AAL;AMERICAN AIRLINES;E;ETATS-UNIS;58365;2740;85765;0,385;0,0183;0,568;256
202209;AAR;ASIANA AIRLINES;E;COREE DU SUD;14248;1026,5;24513;0,127;0,0092;0,219;52
202209;ABR;ASL AIRLINES IRELAND;E;IRLANDE;0;3557,5;35575;0;0,0031;0,031;382
202209;ACA;AIR CANADA;E;CANADA;88690;1665;105340;0,51;0,0095;0,605;246
202209;ACI;AIRCALIN;F;FRANCE (OM);21117;279,9;23916;0,094;0,0013;0,107;243
202209;AEA;AIR EUROPA;E;ESPAGNE;33202;29,7;33499;0,034;0;0,034;205
202209;AEE;AEGEAN AIRLINES;E;GRECE;90566;113,4;91700;0,188;0,0002;0,19;628
202209;AFR;AIR FRANCE;F;FRANCE;3537578;40829;3945868;10,707;0,2886;13,593;23916
202209;AIC;AIR INDIA;E;INDE;12049;309,3;15142;0,079;0,002;0,099;60
202209;AMC;AIR MALTA;E;MALTE;30013;23;30243;0,049;0;0,049;191
202209;AMX;AEROMEXICO;E;MEXIQUE;18165;779,1;25956;0,167;0,0072;0,239;76
202209;ANE;AIR NOSTRUM;E;ESPAGNE;69451;0;69451;0,053;0;0,053;864
202209;ASL;AIR SERBIA;E;SERBIE;14531;22;14751;0,02;0;0,02;134
202209;AUA;AUSTRIAN AIRLINES;E;AUTRICHE;66073;93;67003;0,063;0,0001;0,064;521
202209;BAW;BRITISH AIRWAYS;E;ROYAUME-UNI;141281;236,1;143642;0,117;0,0001;0,118;1093
202209;BCS;EAT/EUROPEAN AIR TRANSP;E;ALLEMAGNE;24;12683,3;126857;0;0,0095;0,095;836
202209;BEL;BRUSSELS AIRLINES;E;BELGIQUE;70878;11,7;70995;0,048;0;0,048;620
202209;BGA;AIRBUS TRANSPORT INTL;F;FRANCE;0;4296,2;42962;0;0,0041;0,041;219
202209;BTI;AIR BALTIC;E;LETTONIE;20530;137,2;21902;0,036;0,0002;0,038;170
202209;CCA;AIR CHINA INTL;E;CHINE;2020;7833,6;80356;0,017;0,0644;0,661;124
202209;CCM;AIR CORSICA;F;FRANCE;212457;145;213907;0,135;0,0001;0,136;1957
202209;CES;CHINA EASTERN AIRLINES;E;CHINE;1936;1882,1;20757;0,018;0,0175;0,193;42
202209;CMA;CMA CGM AIR CARGO;F;FRANCE;0;1656,4;16564;0;0,0159;0,159;32
202209;CPA;CATHAY PACIFIC;E;HONG KONG (CHINE);3724;3972,1;43445;0,036;0,0316;0,352;43
202209;CRL;CORSAIR;F;FRANCE;105886;1763,7;123523;0,697;0,0114;0,811;438
202209;CSN;CHINA SOUTHERN AIRLINES;E;CHINE;2057;890,6;10963;0,019;0,0084;0,103;20
202209;CTN;CROATIA AIRLINES;E;CROATIE;14798;30,4;15102;0,018;0;0,018;140
202209;CXI;CORENDON AIRLINES EUROPE;E;MALTE;12427;0;12427;0,028;0;0,028;88
202209;DAH;AIR ALGERIE;E;ALGERIE;192684;805,9;200743;0,235;0,0011;0,246;1482
202209;DAL;DELTA AIR LINES;E;ETATS-UNIS;162781;2526,1;188042;1,093;0,0167;1,26;658
202209;DLH;LUFTHANSA;E;ALLEMAGNE;260479;1134,1;271820;0,172;0,0006;0,178;2560
202209;EIN;AER LINGUS;E;IRLANDE;64413;39,9;64812;0,064;0;0,064;490
202209;EJU;EASYJET EUROPE;E;AUTRICHE;1302220;0,1;1302221;1,227;0;1,227;8660
202209;ELY;EL AL;E;ISRAEL;38172;851,2;46684;0,121;0,0028;0,149;207
202209;ENT;ENTER AIR;E;POLOGNE;46060;0;46060;0,08;0;0,08;318
202209;ETD;ETIHAD AIRWAYS;E;EMIRATS ARABES UNIS;18009;972,7;27736;0,094;0,0051;0,145;70
202209;ETH;ETHIOPIAN AIRLINES;E;ETHIOPIE;19299;842,4;27723;0,106;0,0047;0,153;87
202209;EVA;EVA AIR;E;TAIWAN;10467;485,7;15324;0,102;0,0048;0,15;37
202209;EWG;EUROWINGS;E;ALLEMAGNE;49107;0;49107;0,045;0;0,045;446
202209;EXS;JET2.COM;E;ROYAUME-UNI;12748;0;12748;0,012;0;0,012;96
202209;EZS;EASYJET SWITZERLAND;E;SUISSE;387950;0;387950;0,343;0;0,343;2646
202209;EZY;EASYJET R-U;E;ROYAUME-UNI;271513;0;271513;0,211;0;0,211;1900
202209;FBU;FRENCH BEE;F;FRANCE;67718;869,1;76409;0,598;0,0074;0,672;211
202209;FDX;FEDEX EXPRESS;E;ETATS-UNIS;0;61818,9;618189;0;0,2001;2,001;2225
202209;FIN;FINNAIR;E;FINLANDE;31812;68;32492;0,062;0,0001;0,063;276
202209;FOX;FLYR;E;NORVEGE;14240;0;14240;0,023;0;0,023;102
202209;FPO;ASL AIRLINES FRANCE;F;FRANCE;30799;836,1;39160;0,041;0,0005;0,046;472
202209;FPY;FLY PLAY;E;ISLANDE;10020;2,2;10042;0,022;0;0,022;60
202209;FWI;AIR CARAIBES;F;FRANCE (OM);74453;947,1;83924;0,386;0,0064;0,45;594
202209;GUY;CAIRE - AIR GUYANE EXPRESS;F;FRANCE (OM);17551;61,9;18170;0,005;0;0,005;1358
202209;HVN;VIETNAM AIRLINES;E;VIETNAM;8780;513,4;13914;0,084;0,0049;0,133;36
202209;IBE;IBERIA;E;ESPAGNE;76545;34,2;76887;0,078;0;0,078;460
202209;IBS;IBERIA EXPRESS;E;ESPAGNE;29196;15,2;29348;0,027;0;0,027;208
202209;ICE;ICELANDAIR;E;ISLANDE;19307;87,6;20183;0,043;0,0002;0,045;124
202209;ITY;ITALIA TRASPORTO AEREO;E;ITALIE;67077;10,3;67180;0,051;0;0,051;641
202209;JAF;TUIFLY BELGIUM;E;BELGIQUE;71839;0;71839;0,135;0;0,135;550
202209;JAL;JAPAN AIRLINES;E;JAPON;9918;755,1;17469;0,096;0,0073;0,169;60
202209;KAC;KUWAIT AIRWAYS;E;KOWEIT;9179;320,1;12380;0,039;0,0014;0,053;55
202209;KAL;KOREAN AIR;E;COREE DU SUD;14732;1497,8;29710;0,132;0,0127;0,259;78
202209;KLC;KLM/CITYHOPPER;E;PAYS-BAS;31937;0;31937;0,028;0;0,028;372
202209;KLM;KLM;E;PAYS-BAS;98593;145,3;100046;0,068;0,0001;0,069;816
202209;KQA;KENYA AIRWAYS;E;KENYA;10719;391,4;14633;0,064;0,0025;0,089;70
202209;LAN;LAN AIRLINES;E;CHILI;12241;535,3;17594;0,125;0,0053;0,178;52
202209;LAV;ALBA STAR;E;ESPAGNE;13226;0;13226;0,013;0;0,013;85
202209;LBT;NOUVELAIR;E;TUNISIE;69220;13,4;69354;0,101;0;0,101;513
202209;LGL;LUXAIR;E;LUXEMBOURG;25952;0;25952;0,015;0;0,015;392
202209;LOT;LOT POLISH AIRLINES;E;POLOGNE;21475;65,6;22131;0,029;0,0001;0,03;242
202209;MAC;AIR ARABIA MAROC;E;MAROC;49556;6,6;49622;0,076;0;0,076;444
202209;MAU;AIR MAURITIUS;E;MAURICE;31056;859,6;39652;0,183;0,0068;0,251;236
202209;MEA;MIDDLE EAST AIRLINES;E;LIBAN;20783;279;23573;0,066;0,0009;0,075;136
202209;MNB;MNG AIRLINES;E;TURQUIE;0;1451,8;14518;0;0,0019;0,019;24
202209;MSR;EGYPT AIR;E;EGYPTE;19363;418,7;23550;0,062;0,0013;0,075;106
202209;NOZ;NORWEGIAN AIR SHUTTLE AOC AS;E;NORVEGE;27444;0,6;27450;0,046;0;0,046;174
202209;NSZ;NORWEGIAN AIR SWEDEN AOC;E;SUEDE;46465;0;46465;0,07;0;0,07;290
202209;OMA;OMAN AIR;E;OMAN;7397;458;11977;0,041;0,0026;0,067;34
202209;PGT;PEGASUS;E;TURQUIE;68899;35,8;69257;0,147;0,0001;0,148;438
202209;QTR;QATAR AIRWAYS;E;QATAR;59914;6710,5;127019;0,298;0,0329;0,627;275
202209;RAM;ROYAL AIR MAROC;E;MAROC;130316;338,6;133702;0,237;0,0006;0,243;1227
202209;REU;AIR AUSTRAL;F;FRANCE (OM);80899;1200,1;92900;0,403;0,0099;0,502;540
202209;ROT;TAROM;E;ROUMANIE;11956;21,7;12173;0,022;0;0,022;104
202209;RYR;RYANAIR;E;IRLANDE;1202363;20,8;1202571;1,322;0;1,322;7691
202209;SAS;SAS;E;SUEDE;49213;72,7;49940;0,068;0,0001;0,069;422
202209;SEH;SKY EXPRESS;E;GRECE;18286;4,9;18335;0,041;0;0,041;135
202209;SIA;SINGAPORE AIRLINES;E;SINGAPOUR;21249;1402,8;35277;0,228;0,0151;0,379;86
202209;SRR;STAR AIR DANEMARK;E;DANEMARK;0;3906,6;39066;0;0,0021;0,021;217
202209;SVA;SAUDIA;E;ARABIE SAOUDITE;28013;1029,5;38308;0,127;0,0047;0,174;121
202209;SWN;WEST AIR SWEDEN;E;SUEDE;7;1095,1;10958;0;0,0006;0,006;180
202209;SWR;SWISS;E;SUISSE;55854;429,7;60151;0,028;0,0002;0,03;611
202209;SXS;SUNEXPRESS;E;TURQUIE;50442;0;50442;0,113;0;0,113;318
202209;SZN;AIR SENEGAL;E;SENEGAL;16395;155,2;17947;0,068;0,0007;0,075;109
202209;TAP;TAP AIR PORTUGAL;E;PORTUGAL;130113;76,6;130879;0,177;0,0001;0,178;1063
202209;TAR;TUNISAIR;E;TUNISIE;94381;159;95971;0,115;0,0002;0,117;779
202209;THA;THAI AIRWAYS INTL;E;THAILANDE;19595;809,5;27690;0,185;0,0077;0,262;60
202209;THT;AIR TAHITI NUI;F;FRANCE (OM);28275;639;34665;0,286;0,0056;0,342;153
202209;THY;TURKISH AIRLINES;E;TURQUIE;182543;2951,1;212054;0,383;0,0065;0,448;1172
202209;TPC;AIR CALEDONIE;F;FRANCE (OM);30546;82;31366;0,005;0;0,005;663
202209;TRA;TRANSAVIA PAYS BAS;E;PAYS-BAS;26015;0;26015;0,022;0;0,022;203
202209;TSC;AIR TRANSAT;E;CANADA;82096;259,2;84688;0,465;0,0014;0,479;368
202209;TVF;TRANSAVIA FRANCE;F;FRANCE;1128612;1,8;1128630;1,738;0;1,738;7528
202209;TVS;TRAVEL SERVICE / SMARTWINGS;E;TCHEQUIE;26133;0;26133;0,05;0;0,05;234
202209;UAE;EMIRATES;E;EMIRATS ARABES UNIS;86975;2532,4;112299;0,448;0,0129;0,577;274
202209;UAL;UNITED AIRLINES;E;ETATS-UNIS;76650;2454,8;101198;0,52;0,0163;0,683;304
202209;UPS;UPS AIRLINES;E;ETATS-UNIS;0;2385,7;23857;0;0,0031;0,031;91
202209;VLG;VUELING AIRLINES;E;ESPAGNE;602037;198;604017;0,59;0,0002;0,592;3654
202209;VOE;VOLOTEA;E;ESPAGNE;454834;7,2;454906;0,48;0;0,48;3232
202209;VTA;AIR TAHITI;F;FRANCE (OM);82178;127,3;83451;0,027;0,0001;0,028;2010
202209;WJA;WESTJET;E;CANADA;18347;57,5;18922;0,12;0,0004;0,124;81
202209;WZZ;WIZZ AIR;E;HONGRIE;222551;0;222551;0,304;0;0,304;1262
202209;XRC;EXPRESS AIR CARGO;E;TUNISIE;0;1515,1;15151;0;0,0023;0,023;42
202209;ZZE; AUTRES CIE (E);E;_ZZ_E;219445;5172,2;271167;0,503;0,0202;0,705;14902
202209;ZZF; AUTRES CIE (F);F;_ZZ_F;39460;69;40150;0,043;0,0001;0,044;5320
202210;AAL;AMERICAN AIRLINES;E;ETATS-UNIS;59977;2884,1;88818;0,394;0,0192;0,586;271
202210;AAR;ASIANA AIRLINES;E;COREE DU SUD;15077;1252,9;27606;0,135;0,0112;0,247;54
202210;ABR;ASL AIRLINES IRELAND;E;IRLANDE;13;3693,2;36945;0;0,0031;0,031;367
202210;ACA;AIR CANADA;E;CANADA;76036;1560,5;91641;0,436;0,0089;0,525;216
202210;ACI;AIRCALIN;F;FRANCE (OM);32409;337,4;35783;0,127;0,0017;0,144;326
202210;AEA;AIR EUROPA;E;ESPAGNE;33405;25,3;33658;0,034;0;0,034;212
202210;AEE;AEGEAN AIRLINES;E;GRECE;68221;117,2;69393;0,143;0,0002;0,145;441
202210;AFR;AIR FRANCE;F;FRANCE;3514931;43882,3;3953754;10,956;0,3126;14,082;23600
202210;AIC;AIR INDIA;E;INDE;11926;236,8;14294;0,078;0,0016;0,094;62
202210;AMC;AIR MALTA;E;MALTE;27745;21,9;27964;0,046;0;0,046;190
202210;AMX;AEROMEXICO;E;MEXIQUE;18051;1409,7;32148;0,166;0,013;0,296;78
202210;ANE;AIR NOSTRUM;E;ESPAGNE;57449;0,1;57450;0,047;0;0,047;728
202210;ASL;AIR SERBIA;E;SERBIE;16107;18,5;16292;0,023;0;0,023;146
202210;AUA;AUSTRIAN AIRLINES;E;AUTRICHE;60771;72,2;61493;0,058;0,0001;0,059;510
202210;BAW;BRITISH AIRWAYS;E;ROYAUME-UNI;144852;296,3;147815;0,114;0,0001;0,115;1244
202210;BCS;EAT/EUROPEAN AIR TRANSP;E;ALLEMAGNE;14;12643,9;126453;0;0,0094;0,094;810
202210;BEL;BRUSSELS AIRLINES;E;BELGIQUE;68426;7,8;68504;0,046;0;0,046;621
202210;BGA;AIRBUS TRANSPORT INTL;F;FRANCE;0;3356,3;33563;0;0,0032;0,032;180
202210;BTI;AIR BALTIC;E;LETTONIE;20680;124,2;21922;0,037;0,0002;0,039;176
202210;CCA;AIR CHINA INTL;E;CHINE;1351;7308;74431;0,011;0,0601;0,612;116
202210;CCM;AIR CORSICA;F;FRANCE;182698;131,2;184010;0,111;0,0001;0,112;1804
202210;CES;CHINA EASTERN AIRLINES;E;CHINE;1706;1759,5;19301;0,016;0,0163;0,179;42
202210;CMA;CMA CGM AIR CARGO;F;FRANCE;0;2440;24400;0;0,0234;0,234;35
202210;CPA;CATHAY PACIFIC;E;HONG KONG (CHINE);7587;6256,6;70153;0,073;0,0578;0,651;58
202210;CRL;CORSAIR;F;FRANCE;107311;2138,8;128699;0,745;0,0138;0,883;441
202210;CTN;CROATIA AIRLINES;E;CROATIE;12609;29,8;12907;0,015;0;0,015;124
202210;CXI;CORENDON AIRLINES EUROPE;E;MALTE;12448;0;12448;0,03;0;0,03;82
202210;DAH;AIR ALGERIE;E;ALGERIE;206987;1204;219027;0,252;0,0016;0,268;1547
202210;DAL;DELTA AIR LINES;E;ETATS-UNIS;165438;2306,7;188505;1,113;0,015;1,263;681
202210;DLH;LUFTHANSA;E;ALLEMAGNE;289494;1369,1;303185;0,192;0,0008;0,2;2871
202210;EIN;AER LINGUS;E;IRLANDE;62007;42,2;62429;0,06;0;0,06;456
202210;EJU;EASYJET EUROPE;E;AUTRICHE;1354351;0;1354351;1,255;0;1,255;9181
202210;ELY;EL AL;E;ISRAEL;40559;644,2;47001;0,129;0,0021;0,15;226
202210;ENT;ENTER AIR;E;POLOGNE;34057;0;34057;0,068;0;0,068;223
202210;ETD;ETIHAD AIRWAYS;E;EMIRATS ARABES UNIS;18290;987,2;28162;0,096;0,0052;0,148;62
202210;ETH;ETHIOPIAN AIRLINES;E;ETHIOPIE;19139;853,1;27670;0,106;0,0048;0,154;88
202210;EVA;EVA AIR;E;TAIWAN;10969;661,7;17586;0,107;0,0065;0,172;40
202210;EWG;EUROWINGS;E;ALLEMAGNE;38782;0;38782;0,036;0;0,036;356
202210;EZS;EASYJET SWITZERLAND;E;SUISSE;396120;0;396120;0,359;0;0,359;2687
202210;EZY;EASYJET R-U;E;ROYAUME-UNI;260202;0,1;260203;0,197;0;0,197;1887
202210;FBU;FRENCH BEE;F;FRANCE;62757;1020,2;72959;0,564;0,0089;0,653;207
202210;FDX;FEDEX EXPRESS;E;ETATS-UNIS;0;57652,3;576523;0;0,2061;2,061;2169
202210;FIN;FINNAIR;E;FINLANDE;31347;70,5;32052;0,061;0,0001;0,062;290
202210;FOX;FLYR;E;NORVEGE;13758;0;13758;0,022;0;0,022;92
202210;FPO;ASL AIRLINES FRANCE;F;FRANCE;27525;800,2;35527;0,036;0,0005;0,041;437
202210;FPY;FLY PLAY;E;ISLANDE;10260;1,2;10272;0,023;0;0,023;62
202210;FWI;AIR CARAIBES;F;FRANCE (OM);93649;1059,5;104244;0,486;0,0072;0,558;728
202210;GEL;AIRLINE GEO SKY LLC;E;GEORGIE;0;1151,4;11514;0;0,0039;0,039;24
202210;GUY;CAIRE - AIR GUYANE EXPRESS;F;FRANCE (OM);20199;47,2;20671;0,005;0;0,005;1276
202210;HVN;VIETNAM AIRLINES;E;VIETNAM;11483;715,3;18636;0,11;0,0068;0,178;46
202210;IBE;IBERIA;E;ESPAGNE;78545;30,4;78849;0,08;0;0,08;461
202210;IBS;IBERIA EXPRESS;E;ESPAGNE;55720;15,5;55875;0,043;0;0,043;422
202210;ICE;ICELANDAIR;E;ISLANDE;15068;47,1;15539;0,034;0,0001;0,035;96
202210;ITY;ITALIA TRASPORTO AEREO;E;ITALIE;66572;6,5;66637;0,052;0;0,052;645
202210;JAF;TUIFLY BELGIUM;E;BELGIQUE;59058;0,2;59060;0,113;0;0,113;420
202210;JAL;JAPAN AIRLINES;E;JAPON;10055;829,6;18351;0,098;0,0081;0,179;62
202210;KAC;KUWAIT AIRWAYS;E;KOWEIT;8406;396,5;12371;0,037;0,0017;0,054;54
202210;KAL;KOREAN AIR;E;COREE DU SUD;15955;1478,3;30738;0,142;0,0125;0,267;82
202210;KLC;KLM/CITYHOPPER;E;PAYS-BAS;36707;0;36707;0,032;0;0,032;444
202210;KLM;KLM;E;PAYS-BAS;87350;155,9;88909;0,059;0,0001;0,06;773
202210;KQA;KENYA AIRWAYS;E;KENYA;10840;401,3;14853;0,063;0,0026;0,089;72
202210;LAN;LAN AIRLINES;E;CHILI;15243;613,9;21382;0,154;0,0061;0,215;62
202210;LBT;NOUVELAIR;E;TUNISIE;77351;40;77751;0,111;0,0001;0,112;525
202210;LGL;LUXAIR;E;LUXEMBOURG;17772;0;17772;0,009;0;0,009;331
202210;LOT;LOT POLISH AIRLINES;E;POLOGNE;22646;64,8;23294;0,031;0,0001;0,032;248
202210;MAC;AIR ARABIA MAROC;E;MAROC;46252;8,6;46338;0,071;0;0,071;388
202210;MAU;AIR MAURITIUS;E;MAURICE;49485;1011,8;59603;0,231;0,0075;0,306;286
202210;MEA;MIDDLE EAST AIRLINES;E;LIBAN;19945;163,7;21582;0,064;0,0005;0,069;124
202210;MNB;MNG AIRLINES;E;TURQUIE;0;1209,8;12098;0;0,0015;0,015;20
202210;MSR;EGYPT AIR;E;EGYPTE;21486;478,1;26267;0,069;0,0015;0,084;110
202210;NOZ;NORWEGIAN AIR SHUTTLE AOC AS;E;NORVEGE;26076;0,2;26078;0,043;0;0,043;172
202210;NSZ;NORWEGIAN AIR SWEDEN AOC;E;SUEDE;45902;0;45902;0,069;0;0,069;286
202210;OMA;OMAN AIR;E;OMAN;8192;496,5;13157;0,046;0,0028;0,074;36
202210;PGT;PEGASUS;E;TURQUIE;82686;56,5;83251;0,176;0,0001;0,177;466
202210;QTR;QATAR AIRWAYS;E;QATAR;59802;7712,7;136929;0,298;0,0378;0,676;303
202210;RAM;ROYAL AIR MAROC;E;MAROC;140020;284;142860;0,258;0,0005;0,263;1220
202210;REU;AIR AUSTRAL;F;FRANCE (OM);105528;1595;121478;0,481;0,013;0,611;672
202210;RJA;ROYAL JORDANIAN;E;JORDANIE;11291;85,2;12143;0,038;0,0003;0,041;82
202210;ROT;TAROM;E;ROUMANIE;12098;23,7;12335;0,022;0;0,022;108
202210;RYR;RYANAIR;E;IRLANDE;1247867;20,6;1248073;1,39;0;1,39;8120
202210;SAS;SAS;E;SUEDE;52860;67,5;53535;0,073;0,0001;0,074;441
202210;SEH;SKY EXPRESS;E;GRECE;21620;3,5;21655;0,049;0;0,049;155
202210;SIA;SINGAPORE AIRLINES;E;SINGAPOUR;21433;1559,7;37030;0,23;0,0167;0,397;90
202210;SRR;STAR AIR DANEMARK;E;DANEMARK;0;3762,4;37624;0;0,002;0,02;212
202210;SVA;SAUDIA;E;ARABIE SAOUDITE;27596;1163,7;39233;0,125;0,0053;0,178;126
202210;SWN;WEST AIR SWEDEN;E;SUEDE;5;1272,2;12727;0;0,0007;0,007;178
202210;SWR;SWISS;E;SUISSE;61520;460,5;66125;0,032;0,0002;0,034;689
202210;SXS;SUNEXPRESS;E;TURQUIE;49070;0;49070;0,109;0;0,109;296
202210;SZN;AIR SENEGAL;E;SENEGAL;15769;379;19559;0,066;0,0016;0,082;102
202210;TAP;TAP AIR PORTUGAL;E;PORTUGAL;138782;74,1;139523;0,188;0,0001;0,189;1136
202210;TAR;TUNISAIR;E;TUNISIE;84506;178,7;86293;0,102;0,0003;0,105;703
202210;THA;THAI AIRWAYS INTL;E;THAILANDE;18687;1366,9;32356;0,176;0,0129;0,305;64
202210;THT;AIR TAHITI NUI;F;FRANCE (OM);32007;786,2;39869;0,307;0,0066;0,373;181
202210;THY;TURKISH AIRLINES;E;TURQUIE;175456;3152,7;206983;0,37;0,007;0,44;1060
202210;TPC;AIR CALEDONIE;F;FRANCE (OM);41331;88,2;42213;0,007;0;0,007;802
202210;TRA;TRANSAVIA PAYS BAS;E;PAYS-BAS;17286;0;17286;0,016;0;0,016;149
202210;TSC;AIR TRANSAT;E;CANADA;65329;108,9;66418;0,372;0,0006;0,378;325
202210;TVF;TRANSAVIA FRANCE;F;FRANCE;1134990;0,4;1134994;1,716;0;1,716;7684
202210;TVS;TRAVEL SERVICE / SMARTWINGS;E;TCHEQUIE;19777;0;19777;0,042;0;0,042;169
202210;UAE;EMIRATES;E;EMIRATS ARABES UNIS;94129;2737,9;121508;0,484;0,014;0,624;290
202210;UAL;UNITED AIRLINES;E;ETATS-UNIS;71915;2611,3;98028;0,49;0,0175;0,665;294
202210;UPS;UPS AIRLINES;E;ETATS-UNIS;0;2088,9;20889;0;0,0033;0,033;80
202210;VLG;VUELING AIRLINES;E;ESPAGNE;602623;202,4;604647;0,594;0,0002;0,596;3696
202210;VOE;VOLOTEA;E;ESPAGNE;460903;9,7;461000;0,476;0;0,476;3286
202210;VTA;AIR TAHITI;F;FRANCE (OM);90838;133,9;92177;0,031;0,0001;0,032;2186
202210;WJA;WESTJET;E;CANADA;16070;273,1;18801;0,107;0,002;0,127;74
202210;WZZ;WIZZ AIR;E;HONGRIE;255578;0;255578;0,351;0;0,351;1386
202210;XRC;EXPRESS AIR CARGO;E;TUNISIE;0;1374,9;13749;0;0,002;0,02;43
202210;ZZE; AUTRES CIE (E);E;_ZZ_E;218074;4464,7;262721;0,529;0,0169;0,698;12852
202210;ZZF; AUTRES CIE (F);F;_ZZ_F;42166;47,2;42638;0,038;0;0,038;4743
202211;AAL;AMERICAN AIRLINES;E;ETATS-UNIS;59924;2586;85784;0,392;0,0175;0,567;340
202211;AAR;ASIANA AIRLINES;E;COREE DU SUD;9852;1145,2;21304;0,088;0,0102;0,19;42
202211;ABR;ASL AIRLINES IRELAND;E;IRLANDE;0;3633,5;36335;0;0,0031;0,031;345
202211;ACA;AIR CANADA;E;CANADA;50793;1720,7;68000;0,289;0,0098;0,387;162
202211;ACI;AIRCALIN;F;FRANCE (OM);29035;329,6;32331;0,12;0,0016;0,136;294
202211;AEA;AIR EUROPA;E;ESPAGNE;32785;35;33135;0,034;0;0,034;202
202211;AEE;AEGEAN AIRLINES;E;GRECE;31949;107;33019;0,065;0,0002;0,067;198
202211;AFR;AIR FRANCE;F;FRANCE;3317572;43731,8;3754890;10,832;0,3146;13,978;23055
202211;AIC;AIR INDIA;E;INDE;12322;389,4;16216;0,081;0,0026;0,107;60
202211;AMC;AIR MALTA;E;MALTE;19219;26,5;19484;0,033;0;0,033;131
202211;AMX;AEROMEXICO;E;MEXIQUE;18066;1334,1;31407;0,166;0,0123;0,289;76
202211;ANE;AIR NOSTRUM;E;ESPAGNE;71993;0,1;71994;0,053;0;0,053;897
202211;ASL;AIR SERBIA;E;SERBIE;14682;13,7;14819;0,021;0;0,021;116
202211;AUA;AUSTRIAN AIRLINES;E;AUTRICHE;51702;66,2;52364;0,049;0,0001;0,05;426
202211;BAW;BRITISH AIRWAYS;E;ROYAUME-UNI;166817;443,4;171251;0,122;0,0002;0,124;1340
202211;BCS;EAT/EUROPEAN AIR TRANSP;E;ALLEMAGNE;26;13237,1;132397;0;0,0098;0,098;908
202211;BEL;BRUSSELS AIRLINES;E;BELGIQUE;65256;8,8;65344;0,043;0;0,043;576
202211;BGA;AIRBUS TRANSPORT INTL;F;FRANCE;0;4001,4;40014;0;0,0038;0,038;195
202211;BTI;AIR BALTIC;E;LETTONIE;14414;145,3;15867;0,025;0,0002;0,027;138
202211;CCA;AIR CHINA INTL;E;CHINE;1165;3970,4;40869;0,01;0,0326;0,336;64
202211;CCM;AIR CORSICA;F;FRANCE;147120;139,1;148511;0,085;0,0001;0,086;1564
202211;CES;CHINA EASTERN AIRLINES;E;CHINE;1238;2118,9;22427;0,011;0,0197;0,208;44
202211;CMA;CMA CGM AIR CARGO;F;FRANCE;0;1594,3;15943;0;0,0153;0,153;43
202211;CPA;CATHAY PACIFIC;E;HONG KONG (CHINE);6403;4082,6;47229;0,061;0,0316;0,377;40
202211;CRL;CORSAIR;F;FRANCE;103709;2175,6;125465;0,744;0,0147;0,891;426
202211;DAH;AIR ALGERIE;E;ALGERIE;204104;1168,7;215791;0,251;0,0015;0,266;1942
202211;DAL;DELTA AIR LINES;E;ETATS-UNIS;142146;2556;167706;0,959;0,0168;1,127;595
202211;DLH;LUFTHANSA;E;ALLEMAGNE;237243;1322,8;250471;0,153;0,0007;0,16;2496
202211;EIN;AER LINGUS;E;IRLANDE;42978;43,6;43414;0,037;0;0,037;286
202211;EJU;EASYJET EUROPE;E;AUTRICHE;849210;0;849210;0,8;0;0,8;5631
202211;ELY;EL AL;E;ISRAEL;31748;634,3;38091;0,103;0,0021;0,124;166
202211;ENT;ENTER AIR;E;POLOGNE;15450;0;15450;0,024;0;0,024;117
202211;ETD;ETIHAD AIRWAYS;E;EMIRATS ARABES UNIS;18385;910,7;27492;0,097;0,0048;0,145;60
202211;ETH;ETHIOPIAN AIRLINES;E;ETHIOPIE;18747;839,4;27141;0,104;0,0047;0,151;86
202211;EVA;EVA AIR;E;TAIWAN;17063;892,1;25984;0,167;0,0087;0,254;60
202211;EWG;EUROWINGS;E;ALLEMAGNE;14974;0;14974;0,012;0;0,012;197
202211;EZS;EASYJET SWITZERLAND;E;SUISSE;261211;0;261211;0,277;0;0,277;1734
202211;EZY;EASYJET R-U;E;ROYAUME-UNI;179635;0;179635;0,119;0;0,119;1231
202211;FBU;FRENCH BEE;F;FRANCE;56214;1009;66304;0,496;0,0088;0,584;186
202211;FDX;FEDEX EXPRESS;E;ETATS-UNIS;0;62220,7;622207;0;0,1983;1,983;2270
202211;FIN;FINNAIR;E;FINLANDE;23199;68,6;23885;0,044;0,0001;0,045;240
202211;FPO;ASL AIRLINES FRANCE;F;FRANCE;16322;734,5;23667;0,022;0,0005;0,027;340
202211;FPY;FLY PLAY;E;ISLANDE;10063;11,4;10177;0,023;0;0,023;60
202211;FWI;AIR CARAIBES;F;FRANCE (OM);109468;1135,3;120821;0,592;0,0078;0,67;824
202211;GEL;AIRLINE GEO SKY LLC;E;GEORGIE;0;1864,8;18648;0;0,0063;0,063;28
202211;GUY;CAIRE - AIR GUYANE EXPRESS;F;FRANCE (OM);20978;31,4;21292;0,006;0;0,006;1316
202211;HVN;VIETNAM AIRLINES;E;VIETNAM;14959;942,1;24380;0,142;0,009;0,232;60
202211;IBE;IBERIA;E;ESPAGNE;79168;24,4;79412;0,08;0;0,08;460
202211;IBS;IBERIA EXPRESS;E;ESPAGNE;29818;21,3;30031;0,03;0;0,03;232
202211;ICE;ICELANDAIR;E;ISLANDE;11789;47,9;12268;0,026;0,0001;0,027;68
202211;ITY;ITALIA TRASPORTO AEREO;E;ITALIE;61306;2,6;61332;0,047;0;0,047;627
202211;JAF;TUIFLY BELGIUM;E;BELGIQUE;27042;0;27042;0,053;0;0,053;217
202211;JAL;JAPAN AIRLINES;E;JAPON;9822;1076,5;20587;0,095;0,0105;0,2;60
202211;KAC;KUWAIT AIRWAYS;E;KOWEIT;9371;310,6;12477;0,041;0,0014;0,055;60
202211;KAL;KOREAN AIR;E;COREE DU SUD;13252;1600,5;29257;0,118;0,0134;0,252;76
202211;KLC;KLM/CITYHOPPER;E;PAYS-BAS;47403;0;47403;0,041;0;0,041;541
202211;KLM;KLM;E;PAYS-BAS;58907;144,4;60351;0,032;0,0001;0,033;505
202211;KQA;KENYA AIRWAYS;E;KENYA;7743;279,4;10537;0,046;0,0018;0,064;54
202211;LAN;LAN AIRLINES;E;CHILI;13772;532,8;19100;0,142;0,0053;0,195;60
202211;LBT;NOUVELAIR;E;TUNISIE;51741;38,1;52122;0,071;0,0001;0,072;366
202211;LGL;LUXAIR;E;LUXEMBOURG;12634;0,2;12636;0,006;0;0,006;243
202211;LOT;LOT POLISH AIRLINES;E;POLOGNE;18641;76,2;19403;0,025;0,0001;0,026;212
202211;MAC;AIR ARABIA MAROC;E;MAROC;38606;11;38716;0,059;0;0,059;396
202211;MAU;AIR MAURITIUS;E;MAURICE;37100;933,1;46431;0,183;0,0067;0,25;208
202211;MEA;MIDDLE EAST AIRLINES;E;LIBAN;18107;140,4;19511;0,058;0,0004;0,062;121
202211;MNB;MNG AIRLINES;E;TURQUIE;0;1693,7;16937;0;0,0022;0,022;28
202211;MSR;EGYPT AIR;E;EGYPTE;18137;469,4;22831;0,058;0,0015;0,073;84
202211;NOZ;NORWEGIAN AIR SHUTTLE AOC AS;E;NORVEGE;9988;1,2;10000;0,015;0;0,015;68
202211;NSZ;NORWEGIAN AIR SWEDEN AOC;E;SUEDE;16141;0;16141;0,023;0;0,023;100
202211;OMA;OMAN AIR;E;OMAN;8063;495;13013;0,045;0,0028;0,073;34
202211;PGT;PEGASUS;E;TURQUIE;66032;50,9;66541;0,138;0,0001;0,139;360
202211;QTR;QATAR AIRWAYS;E;QATAR;49778;6390,5;113683;0,248;0,0308;0,556;270
202211;RAM;ROYAL AIR MAROC;E;MAROC;108583;236;110943;0,201;0,0004;0,205;1006
202211;REU;AIR AUSTRAL;F;FRANCE (OM);90334;1485,1;105185;0,412;0,0125;0,537;605
202211;RJA;ROYAL JORDANIAN;E;JORDANIE;11682;100;12682;0,039;0,0003;0,042;78
202211;ROT;TAROM;E;ROUMANIE;11772;32,2;12094;0,022;0,0001;0,023;98
202211;RYR;RYANAIR;E;IRLANDE;833558;14,8;833706;0,987;0;0,987;5299
202211;SAS;SAS;E;SUEDE;41288;77,8;42066;0,055;0,0001;0,056;339
202211;SEH;SKY EXPRESS;E;GRECE;10900;3,1;10931;0,024;0;0,024;80
202211;SIA;SINGAPORE AIRLINES;E;SINGAPOUR;19527;1589,7;35424;0,21;0,0171;0,381;84
202211;SRR;STAR AIR DANEMARK;E;DANEMARK;4;3605,8;36062;0;0,0019;0,019;200
202211;SVA;SAUDIA;E;ARABIE SAOUDITE;24672;958,4;34256;0,112;0,0044;0,156;122
202211;SWN;WEST AIR SWEDEN;E;SUEDE;7;1281,1;12818;0;0,0007;0,007;160
202211;SWR;SWISS;E;SUISSE;46008;440,9;50417;0,022;0,0002;0,024;528
202211;SXS;SUNEXPRESS;E;TURQUIE;15150;0;15150;0,035;0;0,035;104
202211;SZN;AIR SENEGAL;E;SENEGAL;13902;281,7;16719;0,058;0,0012;0,07;91
202211;TAP;TAP AIR PORTUGAL;E;PORTUGAL;109168;70,7;109875;0,148;0,0001;0,149;974
202211;TAR;TUNISAIR;E;TUNISIE;65552;148,4;67036;0,081;0,0002;0,083;577
202211;THA;THAI AIRWAYS INTL;E;THAILANDE;17548;1242,2;29970;0,166;0,0117;0,283;60
202211;THT;AIR TAHITI NUI;F;FRANCE (OM);30028;686,3;36891;0,258;0,0056;0,314;155
202211;THY;TURKISH AIRLINES;E;TURQUIE;150265;3021,7;180482;0,318;0,0067;0,385;998
202211;TPC;AIR CALEDONIE;F;FRANCE (OM);33588;79,9;34387;0,006;0;0,006;687
202211;TSC;AIR TRANSAT;E;CANADA;20463;70,1;21164;0,114;0,0004;0,118;84
202211;TVF;TRANSAVIA FRANCE;F;FRANCE;769966;0,3;769969;1,18;0;1,18;5504
202211;UAE;EMIRATES;E;EMIRATS ARABES UNIS;89638;2404,4;113682;0,461;0,0123;0,584;282
202211;UAL;UNITED AIRLINES;E;ETATS-UNIS;59885;2715,7;87042;0,406;0,0184;0,59;282
202211;UPS;UPS AIRLINES;E;ETATS-UNIS;2;2218;22182;0;0,0033;0,033;88
202211;VLG;VUELING AIRLINES;E;ESPAGNE;422481;160,2;424083;0,436;0,0002;0,438;2612
202211;VOE;VOLOTEA;E;ESPAGNE;180646;0;180646;0,182;0;0,182;1413
202211;VTA;AIR TAHITI;F;FRANCE (OM);78820;121;80030;0,028;0,0001;0,029;1996
202211;WZZ;WIZZ AIR;E;HONGRIE;193401;23,7;193638;0,262;0,0001;0,263;1081
202211;XRC;EXPRESS AIR CARGO;E;TUNISIE;0;1119,6;11196;0;0,0017;0,017;39
202211;ZZE; AUTRES CIE (E);E;_ZZ_E;175500;5064,3;226143;0,456;0,0194;0,65;11213
202211;ZZF; AUTRES CIE (F);F;_ZZ_F;36180;27,2;36452;0,031;0;0,031;4546
202212;AAL;AMERICAN AIRLINES;E;ETATS-UNIS;67695;2569,8;93393;0,447;0,0175;0,622;358
202212;AAR;ASIANA AIRLINES;E;COREE DU SUD;10891;1045;21341;0,097;0,0093;0,19;44
202212;ABR;ASL AIRLINES IRELAND;E;IRLANDE;1;3021,6;30217;0;0,0026;0,026;329
202212;ACA;AIR CANADA;E;CANADA;59448;1773,7;77185;0,34;0,0101;0,441;194
202212;ACI;AIRCALIN;F;FRANCE (OM);38289;342,2;41711;0,16;0,0016;0,176;338
202212;AEA;AIR EUROPA;E;ESPAGNE;35586;109;36676;0,037;0,0001;0,038;212
202212;AEE;AEGEAN AIRLINES;E;GRECE;27962;136;29322;0,057;0,0003;0,06;164
202212;AFR;AIR FRANCE;F;FRANCE;3468991;47217,1;3941162;11,945;0,3386;15,331;23121
202212;AIC;AIR INDIA;E;INDE;13928;412,8;18056;0,092;0,0027;0,119;62
202212;AMC;AIR MALTA;E;MALTE;18053;28,9;18342;0,03;0,0001;0,031;126
202212;AMX;AEROMEXICO;E;MEXIQUE;17794;1579,9;33593;0,164;0,0145;0,309;80
202212;ANE;AIR NOSTRUM;E;ESPAGNE;68330;0,1;68331;0,051;0;0,051;899
202212;ASL;AIR SERBIA;E;SERBIE;16301;22,5;16526;0,023;0;0,023;140
202212;AUA;AUSTRIAN AIRLINES;E;AUTRICHE;52317;101;53327;0,05;0,0001;0,051;405
202212;BAW;BRITISH AIRWAYS;E;ROYAUME-UNI;170074;436,4;174438;0,122;0,0002;0,124;1350
202212;BCS;EAT/EUROPEAN AIR TRANSP;E;ALLEMAGNE;18;12348,3;123501;0;0,0091;0,091;907
202212;BEL;BRUSSELS AIRLINES;E;BELGIQUE;63421;19;63611;0,042;0;0,042;576
202212;BGA;AIRBUS TRANSPORT INTL;F;FRANCE;0;3257,1;32571;0;0,0031;0,031;163
202212;BTI;AIR BALTIC;E;LETTONIE;15195;202,4;17219;0,026;0,0003;0,029;137
202212;CCA;AIR CHINA INTL;E;CHINE;1275;2984,5;31120;0,01;0,0245;0,255;46
202212;CCM;AIR CORSICA;F;FRANCE;152595;135,7;153952;0,087;0,0001;0,088;1584
202212;CES;CHINA EASTERN AIRLINES;E;CHINE;2204;1871,5;20919;0,02;0,0174;0,194;44
202212;CMA;CMA CGM AIR CARGO;F;FRANCE;0;3218,2;32182;0;0,0301;0,301;58
202212;CPA;CATHAY PACIFIC;E;HONG KONG (CHINE);9939;4411,1;54050;0,095;0,0339;0,434;51
202212;CRL;CORSAIR;F;FRANCE;125233;2554,7;150780;0,89;0,0179;1,069;506
202212;DAH;AIR ALGERIE;E;ALGERIE;230001;1310,3;243104;0,283;0,0017;0,3;2026
202212;DAL;DELTA AIR LINES;E;ETATS-UNIS;149245;2555,9;174804;1,005;0,0166;1,171;621
202212;DLH;LUFTHANSA;E;ALLEMAGNE;205667;1102,1;216688;0,134;0,0006;0,14;2128
202212;EIN;AER LINGUS;E;IRLANDE;40411;67,4;41085;0,035;0,0001;0,036;300
202212;EJU;EASYJET EUROPE;E;AUTRICHE;1024461;0;1024461;0,973;0;0,973;6846
202212;ELY;EL AL;E;ISRAEL;33649;738,3;41032;0,11;0,0024;0,134;175
202212;ENT;ENTER AIR;E;POLOGNE;13162;0;13162;0,017;0;0,017;97
202212;ETD;ETIHAD AIRWAYS;E;EMIRATS ARABES UNIS;18823;935;28173;0,099;0,0049;0,148;62
202212;ETH;ETHIOPIAN AIRLINES;E;ETHIOPIE;19513;1214,4;31657;0,108;0,0071;0,179;93
202212;EVA;EVA AIR;E;TAIWAN;19157;691,3;26070;0,188;0,0068;0,256;61
202212;EWG;EUROWINGS;E;ALLEMAGNE;15116;0;15116;0,012;0;0,012;162
202212;EXS;JET2.COM;E;ROYAUME-UNI;16664;12,2;16786;0,014;0;0,014;131
202212;EZS;EASYJET SWITZERLAND;E;SUISSE;326833;0;326833;0,337;0;0,337;2139
202212;EZY;EASYJET R-U;E;ROYAUME-UNI;246354;0;246354;0,169;0;0,169;1672
202212;FBU;FRENCH BEE;F;FRANCE;68916;1394,5;82861;0,612;0,013;0,742;219
202212;FDX;FEDEX EXPRESS;E;ETATS-UNIS;0;59567,1;595671;0;0,1927;1,927;2261
202212;FIN;FINNAIR;E;FINLANDE;24933;88,1;25814;0,048;0,0002;0,05;250
202212;FPO;ASL AIRLINES FRANCE;F;FRANCE;22779;860,9;31388;0,035;0,0005;0,04;425
202212;FWI;AIR CARAIBES;F;FRANCE (OM);150074;1444,1;164515;0,845;0,0098;0,943;971
202212;GEL;AIRLINE GEO SKY LLC;E;GEORGIE;0;2097,6;20976;0;0,0071;0,071;24
202212;GUY;CAIRE - AIR GUYANE EXPRESS;F;FRANCE (OM);24016;59;24606;0,007;0;0,007;1420
202212;HVN;VIETNAM AIRLINES;E;VIETNAM;21913;1215,8;34071;0,208;0,0115;0,323;88
202212;IBE;IBERIA;E;ESPAGNE;78912;24,5;79157;0,079;0;0,079;470
202212;IBS;IBERIA EXPRESS;E;ESPAGNE;33475;17,1;33646;0,033;0;0,033;244
202212;ITY;ITALIA TRASPORTO AEREO;E;ITALIE;61670;18,5;61855;0,066;0;0,066;675
202212;JAF;TUIFLY BELGIUM;E;BELGIQUE;20966;0;20966;0,042;0;0,042;176
202212;JAL;JAPAN AIRLINES;E;JAPON;9345;1277,3;22118;0,091;0,0124;0,215;62
202212;KAC;KUWAIT AIRWAYS;E;KOWEIT;9964;301;12974;0,044;0,0013;0,057;62
202212;KAL;KOREAN AIR;E;COREE DU SUD;14189;1660,7;30796;0,127;0,0129;0,256;81
202212;KLC;KLM/CITYHOPPER;E;PAYS-BAS;51026;0;51026;0,043;0;0,043;579
202212;KLM;KLM;E;PAYS-BAS;58277;158,9;59866;0,033;0,0001;0,034;472
202212;KQA;KENYA AIRWAYS;E;KENYA;14511;559,9;20110;0,086;0,0036;0,122;94
202212;LAN;LAN AIRLINES;E;CHILI;13218;607,9;19297;0,134;0,0062;0,196;62
202212;LBT;NOUVELAIR;E;TUNISIE;54800;51,6;55316;0,076;0,0001;0,077;376
202212;LGL;LUXAIR;E;LUXEMBOURG;13242;0;13242;0,006;0;0,006;243
202212;LOT;LOT POLISH AIRLINES;E;POLOGNE;16572;80,5;17377;0,022;0,0001;0,023;209
202212;MAC;AIR ARABIA MAROC;E;MAROC;41719;13,6;41855;0,064;0;0,064;383
202212;MAU;AIR MAURITIUS;E;MAURICE;44723;1000,7;54730;0,189;0,0073;0,262;247
202212;MEA;MIDDLE EAST AIRLINES;E;LIBAN;21225;288,6;24111;0,068;0,0009;0,077;133
202212;MNB;MNG AIRLINES;E;TURQUIE;0;1693,7;16937;0;0,0024;0,024;28
202212;MSR;EGYPT AIR;E;EGYPTE;18876;699,4;25870;0,061;0,0022;0,083;88
202212;NOZ;NORWEGIAN AIR SHUTTLE AOC AS;E;NORVEGE;11375;2,4;11399;0,017;0;0,017;80
202212;NSZ;NORWEGIAN AIR SWEDEN AOC;E;SUEDE;14119;0;14119;0,02;0;0,02;96
202212;OMA;OMAN AIR;E;OMAN;8905;507,3;13978;0,05;0,0028;0,078;42
202212;PGT;PEGASUS;E;TURQUIE;70669;26,5;70934;0,148;0,0001;0,149;394
202212;QTR;QATAR AIRWAYS;E;QATAR;57677;7525,1;132928;0,287;0,0369;0,656;310
202212;RAM;ROYAL AIR MAROC;E;MAROC;120822;255,8;123380;0,221;0,0005;0,226;1123
202212;REU;AIR AUSTRAL;F;FRANCE (OM);122015;2256,1;144576;0,549;0,0191;0,74;720
202212;RJA;ROYAL JORDANIAN;E;JORDANIE;10617;84,4;11461;0,035;0,0003;0,038;84
202212;ROT;TAROM;E;ROUMANIE;12575;37,9;12954;0,023;0,0001;0,024;112
202212;RYR;RYANAIR;E;IRLANDE;901687;11,9;901806;1,064;0;1,064;5668
202212;SAS;SAS;E;SUEDE;34612;110,6;35718;0,046;0,0001;0,047;292
202212;SIA;SINGAPORE AIRLINES;E;SINGAPOUR;27255;1988;47135;0,293;0,0213;0,506;122
202212;SRR;STAR AIR DANEMARK;E;DANEMARK;0;3953,5;39535;0;0,0021;0,021;218
202212;SVA;SAUDIA;E;ARABIE SAOUDITE;29122;1066,2;39784;0,132;0,0048;0,18;134
202212;SWN;WEST AIR SWEDEN;E;SUEDE;8;1431,7;14325;0;0,0008;0,008;184
202212;SWR;SWISS;E;SUISSE;48023;458,5;52608;0,023;0,0002;0,025;545
202212;SXS;SUNEXPRESS;E;TURQUIE;15365;0;15365;0,035;0;0,035;102
202212;SZN;AIR SENEGAL;E;SENEGAL;16799;416,2;20961;0,07;0,0018;0,088;93
202212;TAP;TAP AIR PORTUGAL;E;PORTUGAL;102642;102,4;103666;0,139;0,0001;0,14;963
202212;TAR;TUNISAIR;E;TUNISIE;70716;217,1;72887;0,086;0,0003;0,089;560
202212;THA;THAI AIRWAYS INTL;E;THAILANDE;19468;1472,7;34195;0,184;0,0139;0,323;62
202212;THT;AIR TAHITI NUI;F;FRANCE (OM);26422;763,3;34055;0,248;0,0065;0,313;172
202212;THY;TURKISH AIRLINES;E;TURQUIE;152730;3285,8;185588;0,322;0,0073;0,395;1014
202212;TOM;TUI AIRWAYS;E;ROYAUME-UNI;15868;22;16088;0,015;0;0,015;90
202212;TPC;AIR CALEDONIE;F;FRANCE (OM);36707;112,7;37834;0,006;0;0,006;761
202212;TSC;AIR TRANSAT;E;CANADA;29897;91,7;30814;0,162;0,0005;0,167;124
202212;TVF;TRANSAVIA FRANCE;F;FRANCE;879449;1,1;879460;1,36;0;1,36;6184
202212;UAE;EMIRATES;E;EMIRATS ARABES UNIS;102608;2480,2;127410;0,527;0,0126;0,653;293
202212;UAL;UNITED AIRLINES;E;ETATS-UNIS;61067;2601,1;87078;0,415;0,0177;0,592;282
202212;UPS;UPS AIRLINES;E;ETATS-UNIS;0;2202,6;22026;0;0,0029;0,029;84
202212;VLG;VUELING AIRLINES;E;ESPAGNE;450256;175,5;452011;0,466;0,0002;0,468;2781
202212;VOE;VOLOTEA;E;ESPAGNE;346501;0,1;346502;0,323;0;0,323;2519
202212;VTA;AIR TAHITI;F;FRANCE (OM);82099;186,2;83961;0,031;0,0001;0,032;2303
202212;VTI;VISTARA;E;INDE;10115;356,3;13678;0,066;0,0023;0,089;44
202212;WZZ;WIZZ AIR;E;HONGRIE;219414;0;219414;0,292;0;0,292;1260
202212;XRC;EXPRESS AIR CARGO;E;TUNISIE;0;1079,8;10798;0;0,0016;0,016;53
202212;ZZE; AUTRES CIE (E);E;_ZZ_E;241061;5133,2;292393;0,63;0,0185;0,815;12169
202212;ZZF; AUTRES CIE (F);F;_ZZ_F;39472;51,1;39983;0,038;0;0,038;5111
